source,text,created_at,retweet_count,favorite_count,is_retweet,id_str
Twitter for iPhone,Based on the fact that the very unfair and unpopular Individual Mandate has been terminated as part of our Tax Cut Bill which essentially Repeals (over time) ObamaCare the Democrats &amp; Republicans will eventually come together and develop a great new HealthCare plan!,12-26-2017 11:58:42,20656,110208,false,945624910898122752
Twitter for iPhone,Remember the most hated part of ObamaCare is the Individual Mandate which is being terminated under our just signed Tax Cut Bill.,12-22-2017 22:11:56,25757,121704,false,944329684032081921
Twitter for iPhone,The United States Senate just passed the biggest in history Tax Cut and Reform Bill. Terrible Individual Mandate (ObamaCare)Repealed. Goes to the House tomorrow morning for final vote. If approved there will be a News Conference at The White House at approximately 1:00 P.M.,12-20-2017 06:09:06,32062,140937,false,943362605258813441
Twitter for iPhone,ObamaCare premiums are going up up up just as I have been predicting for two years. ObamaCare is OWNED by the Democrats and it is a disaster. But do not worry. Even though the Dems want to Obstruct we will Repeal &amp; Replace right after Tax Cuts!,11-23-2017 23:18:00,18924,90375,false,933837062293291008
Twitter for iPhone,Wouldn't it be great to Repeal the very unfair and unpopular Individual Mandate in ObamaCare and use those savings for further Tax Cuts.....,11-01-2017 14:59:43,17634,83073,false,925739132579729420
Twitter for iPhone,As usual the ObamaCare premiums will be up (the Dems own it) but we will Repeal &amp; Replace and have great Healthcare soon after Tax Cuts!,10-29-2017 13:12:47,14577,69208,false,924625061100867584
Twitter for iPhone,Any increase in ObamaCare premiums is the fault of the Democrats for giving us a "product" that never had a chance of working.,10-17-2017 21:56:08,16808,72698,false,920408108194783232
Twitter for iPhone,Health Insurance stocks which have gone through the roof during the ObamaCare years plunged yesterday after I ended their Dems windfall!,10-14-2017 11:18:49,18450,84508,false,919160558712172544
Twitter for iPhone,ObamaCare is causing such grief and tragedy for so many. It is being dismantled but in the meantime premiums &amp; deductibles are way up!,10-14-2017 01:17:54,12409,61481,false,919009334016856065
Twitter for iPhone,Money pouring into Insurance Companies profits under the guise of ObamaCare is over. They have made a fortune.Dems must get smart &amp; deal!,10-14-2017 01:10:55,15845,69168,false,919007577681354752
Twitter for iPhone,ObamaCare is a broken mess. Piece by piece we will now begin the process of giving America the great HealthCare it deserves!,10-13-2017 11:14:12,15485,76367,false,918797009133465600
Twitter for iPhone,The Democrats ObamaCare is imploding. Massive subsidy payments to their pet insurance companies has stopped. Dems should call me to fix!,10-13-2017 09:36:54,14207,64283,false,918772522983874561
Twitter for iPhone,I called Chuck Schumer yesterday to see if the Dems want to do a great HealthCare Bill. ObamaCare is badly broken big premiums. Who knows!,10-07-2017 12:17:47,12847,69224,false,916638685914951680
Twitter for iPhone,Alaska had a 200% plus increase in premiums under ObamaCare worst in the country. Deductibles high people angry! Lisa M comes through.,09-23-2017 11:13:35,15000,64703,false,911549099752804357
Twitter for iPhone,Arizona had a 116% increase in ObamaCare premiums last year with deductibles very high. Chuck Schumer sold John McCain a bill of goods. Sad,09-23-2017 10:50:14,16391,66300,false,911543222731706368
Twitter for iPhone,Rand Paul or whoever votes against Hcare Bill will forever (future political campaigns) be known as "the Republican who saved ObamaCare.",09-22-2017 10:19:36,14476,61009,false,911173124976193536
Twitter for iPhone,RT @VP: Went to the Senate today to say @POTUS &amp; I fully support Graham-Cassidy plan to repeal/replace Obamacare. Let's get this done. http‚Ä¶,09-20-2017 19:09:58,7937,0,true,910581819078316034
Twitter for iPhone,I hope Republican Senators will vote for Graham-Cassidy and fulfill their promise to Repeal &amp; Replace ObamaCare. Money direct to States!,09-20-2017 12:16:22,12989,59827,false,910477734635286528
Twitter for iPhone,Can you believe that Mitch McConnell who has screamed Repeal &amp; Replace for 7 years couldn't get it done. Must Repeal &amp; Replace ObamaCare!,08-10-2017 10:54:18,24945,106233,false,895599179522650112
Twitter for iPhone,RT @foxandfriends: Anthem announces it will withdraw from ObamaCare Exchange in Nevada https://t.co/d0CxeHQKwz,08-08-2017 10:59:04,8881,0,true,894875602045607936
Twitter for iPhone,RT @foxandfriends: Insurers seeking huge premium hikes on ObamaCare plans https://t.co/YrUwvMKlyb,08-03-2017 12:00:05,6638,0,true,893079018605621248
Twitter for iPhone,If ObamaCare is hurting people &amp; it is why shouldn't it hurt the insurance companies &amp; why should Congress not be paying what public pays?,07-31-2017 12:16:46,35202,131252,false,891996053611917312
Twitter for iPhone,After seven years of "talking" Repeal &amp; Replace the people of our great country are still being forced to live with imploding ObamaCare!,07-29-2017 16:19:12,19365,80415,false,891332290474848257
Twitter for iPhone,3 Republicans and 48 Democrats let the American people down. As I said from the beginning let ObamaCare implode then deal. Watch!,07-28-2017 06:25:33,27123,93756,false,890820505330212864
Twitter for iPhone,ObamaCare is torturing the American People.The Democrats have fooled the people long enough. Repeal or Repeal &amp; Replace! I have pen in hand.,07-25-2017 10:38:11,16409,70145,false,889796918615920640
Twitter for iPhone,If Republicans don't Repeal and Replace the disastrous ObamaCare the repercussions will be far greater than any of them understand!,07-24-2017 00:01:47,22133,89832,false,889274373689028609
Twitter for iPhone,ObamaCare is dead and the Democrats are obstructionists no ideas or votes only obstruction. It is solely up to the 52 Republican Senators!,07-22-2017 12:23:30,20453,84103,false,888736256145985536
Twitter for iPhone,As I have always said let ObamaCare fail and then come together and do a great healthcare plan. Stay tuned!,07-18-2017 11:58:22,18484,84372,false,887280380423938048
Twitter for iPhone,Republicans should just REPEAL failing ObamaCare now &amp; work on a new Healthcare Plan that will start from a clean slate. Dems will join in!,07-18-2017 02:17:50,28599,114485,false,887134287350439936
Media Studio,Next week the Senate is going to vote on legislation to save Americans from the ObamaCare DISASTER. #WeeklyAddressüá∫üá∏ https://t.co/xjVDkgo1NK,07-15-2017 17:56:57,13679,60683,false,886283456644251652
Twitter for iPhone,After all of these years of suffering thru ObamaCare Republican Senators must come through as they have promised!,07-14-2017 08:07:29,16005,74543,false,885772727315030020
Twitter for iPhone,Republicans Senators are working hard to get their failed ObamaCare replacement approved. I will be at my desk pen in hand!,07-14-2017 07:57:33,13878,70229,false,885770227514052608
Twitter for iPhone,RT @foxandfriends: SEN. CRUZ: It's crazy to go an August recess without having Obamacare repealed. We should work every day until it is don‚Ä¶,07-11-2017 10:49:16,13399,0,true,884726279014100992
Twitter for iPhone,For years even as a "civilian" I listened as Republicans pushed the Repeal and Replace of ObamaCare. Now they finally have their chance!,07-09-2017 20:07:11,26582,110727,false,884141905436696576
Twitter for iPhone,With ZERO Democrats to help and a failed expensive and dangerous ObamaCare as the Dems legacy the Republican Senators are working hard!,06-27-2017 22:22:55,15485,79017,false,879827411008974852
Twitter for iPhone,RT @WhiteHouse: FACT: when #Obamacare was signed CBO estimated that 23M would be covered in 2017. They were off by 100%. Only 10.3M people‚Ä¶,06-27-2017 01:30:15,11948,0,true,879512164553420809
Twitter for iPhone,RT @WhiteHouse: #Obamacare has led to higher costs and fewer health insurance options for millions of Americans. It has failed the American‚Ä¶,06-26-2017 18:16:24,9633,0,true,879402984756711425
Twitter for iPhone,The Democrats have become nothing but OBSTRUCTIONISTS they have no policies or ideas. All they do is delay and complain.They own ObamaCare!,06-26-2017 12:30:12,20614,83433,false,879315860178993152
Twitter for iPhone,I cannot imagine that these very fine Republican Senators would allow the American people to suffer a broken ObamaCare any longer!,06-24-2017 20:50:56,19519,86830,false,878717095701336064
Twitter for iPhone,Democrats slam GOP healthcare proposal as Obamacare premiums &amp; deductibles increase by over 100%. Remember keep your doctor keep your plan?,06-24-2017 12:51:33,20917,81571,false,878596457741287424
Twitter for iPhone,I am very supportive of the Senate #HealthcareBill. Look forward to making it really special! Remember ObamaCare is dead.,06-22-2017 22:40:27,11200,55678,false,878019881353871360
Twitter for iPhone,Big day tomorrow in Georgia and South Carolina. ObamaCare is dead. Dems want to raise taxes big! They can only obstruct no ideas. Vote "R",06-20-2017 00:45:00,20698,82229,false,876964061027684352
Twitter for iPhone,The Dems want to stop tax cuts good healthcare and Border Security.Their ObamaCare is dead with 100% increases in P's. Vote now for Karen H,06-19-2017 12:27:01,22909,84993,false,876778344636928000
Twitter for iPhone,2 million more people just dropped out of ObamaCare. It is in a death spiral. Obstructionist Democrats gave up have no answer = resist!,06-13-2017 13:56:20,21456,83675,false,874626492310978564
Twitter for iPhone,The Democrats have no message  not on economics not on taxes  not on jobs not on failing #Obamacare. They are only OBSTRUCTIONISTS!,06-11-2017 12:49:00,30589,111616,false,873884774041079808
Twitter for iPhone,Getting ready to leave for Cincinnati in the GREAT STATE of OHIO to meet with ObamaCare victims and talk Healthcare &amp; also Infrastructure!,06-07-2017 12:17:13,17063,90839,false,872427222392504320
Twitter for iPhone,I suggest that we add more dollars to Healthcare and make it the best anywhere. ObamaCare is dead - the Republicans will do much better!,05-28-2017 23:57:19,13708,70770,false,868979531641741313
Twitter for iPhone,Republican Senators will not let the American people down! ObamaCare premiums and deductibles are way up - it was a lie and it is dead!,05-07-2017 12:49:39,12994,60352,false,861201362834665472
Twitter for iPhone,Of course the Australians have better healthcare than we do --everybody does. ObamaCare is dead! But our healthcare will soon be great.,05-05-2017 19:13:54,12912,63624,false,860573284462669824
Twitter Ads,It was a GREAT day for the United States of America! This is a great plan that is a repeal &amp; replace of ObamaCare.‚Ä¶ https://t.co/0TnmLn55Lm,05-05-2017 02:55:02,12850,59214,false,860326946147840001
Twitter for iPhone,Insurance companies are fleeing ObamaCare - it is dead. Our healthcare plan will lower premiums &amp; deductibles - and be great healthcare!,05-04-2017 17:56:51,12494,58383,false,860191508619722752
Twitter for iPhone,I am watching the Democrats trying to defend the "you can keep you doctor you can keep your plan &amp; premiums will go down" ObamaCare lie.",05-04-2017 17:43:11,14676,61739,false,860188065758838785
Twitter for iPhone,Death spiral!'Aetna will exit Obamacare markets in VA in 2018 citing expected losses on INDV plans this year'https://t.co/5YnzDitF8r,05-04-2017 12:28:39,8296,29942,false,860108914624532480
Twitter for iPhone,You can't compare anything to ObamaCare because ObamaCare is dead. Dems want billions to go to Insurance Companies to bail out donors....New,04-30-2017 12:28:04,13336,60839,false,858659215451271168
Twitter for iPhone,Democrats are trying to bail out insurance companies from disastrous #ObamaCare and Puerto Rico with your tax dollars. Sad!,04-26-2017 23:06:16,15446,53161,false,857370270776086528
Twitter for iPhone,If our healthcare plan is approved you will see real healthcare and premiums will start tumbling down. ObamaCare is in a death spiral!,04-24-2017 17:18:32,13571,71615,false,856557986474491904
Twitter for iPhone,ObamaCare is in serious trouble. The Dems need big money to keep it going - otherwise it dies far sooner than anyone would have thought.,04-23-2017 14:20:12,12233,58486,false,856150719656755200
Twitter for iPhone,Talks on Repealing and Replacing ObamaCare are and have been going on and will continue until such time as a deal is hopefully struck.,04-02-2017 13:03:43,13677,73325,false,848521325480202240
Twitter for iPhone,Anybody (especially  Fake News media) who thinks that Repeal &amp; Replace of ObamaCare is dead does not know the love and strength in R Party!,04-02-2017 12:56:49,16341,80080,false,848519587675201538
Twitter for iPhone,The failing @nytimes finally gets it - "In places where no insurance company offers plans there will be no way for ObamaCare customers to..,04-01-2017 15:59:36,11203,48508,false,848203201094483972
Twitter for iPhone,Where are @RepMarkMeadows @Jim_Jordan and @Raul_Labrador?#RepealANDReplace #Obamacare,03-30-2017 21:21:50,5895,30401,false,847559519085379584
Twitter for iPhone,Great op-ed from @RepKenBuck. Looks like some in the Freedom Caucus are helping me end #Obamacare. https://t.co/Y2vTnIBTBZ,03-30-2017 21:17:30,6645,31807,false,847558426557337600
Twitter for iPhone,The Democrats will make a deal with me on healthcare as soon as ObamaCare folds - not long. Do not worry we are in very  good shape!,03-28-2017 02:03:17,16103,80864,false,846543183223963649
Twitter for Android,ObamaCare will explode and we will all get together and piece together a great healthcare plan for THE PEOPLE. Do not worry!,03-25-2017 14:37:52,22518,104321,false,845645916732358656
Twitter for iPhone,After seven horrible years of ObamaCare (skyrocketing premiums &amp; deductibles bad healthcare) this is finally your chance for a great plan!,03-24-2017 12:14:32,12566,68241,false,845247455868391425
Twitter for iPhone,We are taking action to #RepealANDReplace #Obamacare! Contact your Rep &amp; tell them you support #AHCA. #PassTheBill‚Ä¶ https://t.co/5lsrDJXfzb,03-23-2017 16:07:55,9250,41226,false,844943801848414209
Twitter for iPhone,ObamaCare is imploding. It is a disaster and 2017 will be the worst year yet by far! Republicans will come together and save the day.,03-13-2017 13:11:17,10454,58300,false,841275470796738560
Twitter for iPhone,We are making great progress with healthcare. ObamaCare is imploding and will only get worse. Republicans coming together to get job done!,03-11-2017 14:39:07,16563,103623,false,840572799202783233
Twitter for iPhone,I feel sure that my friend @RandPaul will come along with the new and great health care program because he knows Obamacare is a disaster!,03-08-2017 00:14:30,15496,81422,false,839268048313929729
Twitter for Android,Our wonderful new Healthcare Bill is now out for review and negotiation. ObamaCare is a complete and total disaster - is imploding fast!,03-07-2017 12:13:59,15068,81473,false,839086723552411648
Twitter for Android,Despite the long delays by the Democrats in finally approving Dr. Tom Price the repeal and replacement of ObamaCare is moving fast!,02-17-2017 10:13:32,17252,102948,false,832533430168608768
Twitter for iPhone,Aetna CEO: Obamacare in 'Death Spiral' #RepealAndReplace https://t.co/dmHL7xIEQv,02-15-2017 21:34:05,14576,58732,false,831979921555742732
Twitter for iPhone,Obamacare continues to fail. Humana to pull out in 2018. Will repeal replace &amp; save healthcare for ALL Americans. https://t.co/glWEQ0lNR4,02-14-2017 22:50:33,17872,87852,false,831636777110757377
Twitter for iPhone,Congrats to the Senate for taking the first step to #RepealObamacare- now it's onto the House!,01-12-2017 17:41:11,19307,85951,false,819600124133474307
Twitter for Android,...do the typical political thing and BLAME. The fact is ObamaCare was a lie from the beginning."Keep you doctor keep your plan!" It is....,01-05-2017 12:01:33,12288,51725,false,816977937731878912
Twitter for Android,The Democrats lead by head clown Chuck Schumer know how bad ObamaCare is and what a mess they are in. Instead of working to fix it they..,01-05-2017 11:57:57,13117,53297,false,816977032433270784
Twitter for Android,massive increases of ObamaCare will take place this year and Dems are to blame for the mess. It will fall of its own weight - be careful!,01-04-2017 14:26:45,13596,54146,false,816652088662958082
Twitter for Android,Republicans must be careful in that the Dems own the failed ObamaCare disaster with its poor coverage and massive premium increases......,01-04-2017 13:55:53,11128,46212,false,816644321768312832
Twitter for Android,The Democrat Governor.of Minnesota said "The Affordable Care Act (ObamaCare) is no longer affordable!" - And it is lousy healthcare.,01-03-2017 12:51:15,12599,53372,false,816265668958031872
Twitter for Android,People must remember that ObamaCare just doesn't work and it is not affordable - 116% increases (Arizona). Bill Clinton called it "CRAZY",01-03-2017 12:46:33,14481,58809,false,816264484629184513
Twitter for iPhone,Hey Missouri let's defeat Crooked Hillary &amp; @koster4missouri! Koster supports Obamacare &amp; amnesty! Vote outsider Navy SEAL @EricGreitens!,11-07-2016 22:21:53,12409,36695,false,795753162623815680
Twitter for iPhone,Thank you Ohio! VOTE so we can replace Obamacare and save healthcare for every family in the United States! Watch:‚Ä¶ https://t.co/7CH8ZnGdOa,11-04-2016 23:14:59,9591,25451,false,794679364289986560
Twitter for iPhone,Looking at Air Force One @ MIA. Why is he campaigning instead of creating jobs &amp; fixing Obamacare? Get back to work for the American people!,11-03-2016 15:19:12,30048,73759,false,794197242471124992
Twitter for Android,ObamaCare is a total disaster. Hillary Clinton wants to save it by making it even more expensive. Doesn't work I will REPEAL AND REPLACE!,11-03-2016 12:34:14,15563,45972,false,794155725152980992
Twitter for Android,I am going to repeal and replace ObamaCare. We will have MUCH less expensive and MUCH better healthcare. With Hillary costs will triple!,11-02-2016 11:00:30,17346,50902,false,793769750056677376
Twitter for iPhone,Trump promises special session to repeal Obamacare: https://t.co/wTCd108yrV,11-01-2016 21:16:57,8479,18654,false,793562498100178945
Twitter for iPhone,#ObamacareFail #HillarycareFail https://t.co/gaXOWVI0Xa,10-31-2016 19:08:25,16015,27779,false,793167761509851137
Twitter for iPhone,#ObamacareFail https://t.co/iusXk4n9w7,10-29-2016 17:02:04,11196,20427,false,792411187547734016
Twitter for Android,Heading to New Hampshire. Will be talking about the disaster known as ObamaCare!,10-28-2016 17:04:59,7680,25567,false,792049535195439104
Twitter for Android,"@KeithRowland: People in Arizona just got a taste of Obamacare with a 116% increase in premiums. @realDonaldTrump" Repeal and replace!,10-27-2016 22:27:20,14782,29125,false,791768269615169538
Twitter for iPhone,Obamacare is a disaster. We must REPEAL &amp; REPLACE. Tired of the lies and want to #DrainTheSwamp? Get out &amp; VOTE‚Ä¶ https://t.co/jOelj829Pg,10-27-2016 12:17:57,14764,30570,false,791614912833449984
Twitter for Android,REPEAL AND REPLACE OBAMACARE!,10-26-2016 11:02:53,19861,54161,false,791233632593739776
Twitter for iPhone,REPEAL AND REPLACE!!! #ObamaCareInThreeWords,10-25-2016 22:01:50,16697,38530,false,791037075030179840
Twitter for iPhone,Obamacare is a disaster. Rates going through the sky - ready to explode. I will fix it. Hillary can't!#ObamacareFailed,10-25-2016 20:43:45,13020,32629,false,791017424426504192
Twitter for iPhone,Obamacare is a disaster - as I've been saying from the beginning. Time to repeal &amp; replace! #ObamacareFail https://t.co/5CvoMbVceT,10-25-2016 16:20:43,17024,31293,false,790951230906458113
Twitter for iPhone,#ObamacareFail https://t.co/90Aixp25Oc,10-25-2016 16:10:59,11896,20880,false,790948782288596992
Twitter for iPhone,Obamacare is a disaster! Time to repeal &amp; replace! #ObamacareFail https://t.co/xDPhVczf1g,10-25-2016 15:22:35,7873,17104,false,790936603590033408
Twitter for iPhone,#ObamacareFail https://t.co/5Zvsys8j5w,10-25-2016 15:21:37,7069,14513,false,790936360953716736
Twitter for iPhone,#ObamacareFail https://t.co/Mb0YW1rg6g,10-25-2016 15:20:18,12416,23025,false,790936027871477764
Twitter for iPhone,Key Obamacare premiums to jump 25% next year:https://t.co/TCdHEdPQDG,10-25-2016 14:39:09,8167,14285,false,790925669937123328
Twitter for iPhone,#Obamacare premiums are about to SKYROCKET --- again. Crooked H will only make it worse. We will repeal &amp; replace! https://t.co/fY1REYV4rK,10-25-2016 14:33:57,9260,17542,false,790924363348541445
Twitter for iPhone,Hillary &amp; Obama's Broken Promises. #RepealObamacare https://t.co/oz24r2xW7G,10-20-2016 22:08:15,13418,24843,false,789226753831075841
Twitter for iPhone,In addition to those without health coverage- those that have disastrous #Obamacare are seeing MASSIVE PREMIUM INCR‚Ä¶ https://t.co/J7ldXmUmJm,10-20-2016 21:59:48,11349,24177,false,789224624320028672
Twitter for iPhone,We have to repeal &amp; replace #Obamacare! Look at what is doing to people! #DrainTheSwamp https://t.co/fsv7P11mWV,10-20-2016 02:32:57,15216,25033,false,788930977301090304
Twitter for iPhone,'Over 250000 to Lose Health Insurance in Battleground North Carolina Due to #Obamacare'https://t.co/18McSKO2AY,10-19-2016 22:16:07,7600,12463,false,788866344733114368
Twitter for iPhone,Obamacare premiums increasing 33% in Pennsylvania - a complete disaster. It must be repealed and replaced!‚Ä¶ https://t.co/aDZEfcI7SM,10-19-2016 21:22:26,10365,20066,false,788852833810427905
Twitter for iPhone,I will sign the first bill to repeal #Obamacare and give Americans many choices and much lower rates!,10-17-2016 22:02:11,14655,38826,false,788138062853332997
Twitter for iPhone,Dem Gov. of MN. just announced that the Affordable Care Act (Obamacare) is no longer affordable. I've been saying this for years- disaster!,10-13-2016 22:51:17,16579,43589,false,786700864752914433
Twitter Web Client,RT @TeamTrump: We agree with Bill ObamaCare is ‚Äúthe craziest thing in the world.‚Äù #BigLeagueTruth #Debates2016 https://t.co/v2yo6pSYoB,10-10-2016 01:36:40,5178,0,true,785292936095424512
Twitter Web Client,.@HillaryClinton : Bill ‚Äúclarified‚Äù what he meant when calling Obamacare a ‚Äúdisaster.‚Äù Actually ‚Äúdisaster‚Äù is pretty clear. #Debate,10-10-2016 01:36:24,6866,18814,false,785292868915236868
Twitter Web Client,We must repeal Obamacare and replace it with a much more competitive comprehensive affordable system. #debate #MAGA,10-10-2016 01:35:26,6940,20616,false,785292623623905280
Twitter Web Client,Obama and Clinton told the same lie to sell #ObamaCare. #Debates2016 https://t.co/vhOLtHrR66,10-10-2016 01:32:10,8997,16433,false,785291804816052225
Twitter for iPhone,Bill Clinton is right: Obamacare is 'crazy' 'doesn't work' and 'doesn't make sense'.  Thanks Bill for telling the truth.,10-05-2016 21:19:48,16413,40883,false,783778741646270464
Twitter for Android,Wow did you just hear Bill Clinton's statement on how bad ObamaCare is. Hillary not happy. As I have been saying REPEAL AND REPLACE!,10-04-2016 23:55:55,11364,32866,false,783455640643514368
Twitter for iPad,We will repeal and replace the horrible disaster known as #Obamacare! https://t.co/YzRTPrqrNC,08-29-2016 22:03:53,10409,24661,false,770381482229657602
Twitter Web Client,We will repeal &amp; replace #Obamacare which has caused soaring double-digit premium increases. It is a disaster! https://t.co/NNMyTJo6i6,08-17-2016 20:05:08,9890,27228,false,766002945485864961
Twitter for iPhone,Another health insurer is pulling back due to 'persistent financial losses on #Obamacare plans.' Only the beginning! https://t.co/YqfaEvg8c3,08-16-2016 18:59:14,9882,21303,false,765623972234948608
Twitter for Android,A 60% increase in Texas Blue Cross/Blue Shield through ObamaCare. I told you so there is panic and anger as healthcare costs explode!,06-02-2016 22:16:50,5472,13684,false,738494609597157376
Twitter for iPhone,Do you believe that Hillary Clinton now wants Obamacare for illegal immigrants? She should spend more time taking care of our great Vets!,03-19-2016 00:40:10,11479,27840,false,710989203388162050
Twitter for Android,I will bring our jobs back to America fix our military and take care of our vets end Common Core and ObamaCare protect 2nd A build WALL,03-15-2016 10:25:53,8086,19990,false,709687052384731136
Twitter for iPhone,I am going to repeal and replace ObamaCare! Read more about my positions on healthcare reform here: https://t.co/WwIVhIud06,03-02-2016 23:29:28,4807,11809,false,705173204948656129
Twitter for iPhone,Remember Cruz and Bush gave us Roberts who upheld #ObamaCare twice! I am the only one who will #MAKEAMERICAGREATAGAIN!,02-19-2016 20:30:24,2357,6316,false,700779489907892225
Twitter for iPhone,I was asked about healthcare by Anderson Cooper &amp; have been consistent- I will repeal all of #ObamaCare including the mandate period.,02-19-2016 20:28:32,2515,6373,false,700779018405150722
Twitter for Android,Ted Cruz along with Jeb Bush pushed Justice John Roberts onto the Supreme Court. Roberts could have killed ObamaCare twice but didn't!,02-14-2016 22:02:19,3927,10100,false,698990680719360000
Twitter for Android,We will immediately repeal and replace ObamaCare - and nobody can do that like me. We will save $'s and have much better healthcare!,02-09-2016 22:15:34,4886,14554,false,697182075045179392
Twitter for iPhone,Cruz just lied again- I am and have been totally against #ObamaCare- repeal and replace!,02-03-2016 20:22:46,3524,9614,false,694979360441384960
Twitter for Android,And finally Cruz strongly told thousands of caucusgoers (voters) that Trump was strongly in favor of ObamaCare and "choice" - a total lie!,02-03-2016 14:21:03,3707,9199,false,694888332099239936
Twitter for Android,Wow just saw an ad - Cruz is lying on so many levels. There is nobody more against ObamaCare than me will repeal &amp; replace. He lies!,01-31-2016 14:22:35,3046,8463,false,693801552855740416
Twitter for iPhone,Just a reminder that Ted Cruz supported liberal Justice John Roberts who gave us #Obamacare. https://t.co/gBnsNgomom,01-18-2016 14:50:43,2269,4617,false,689097594182725632
Twitter for Android,"@greta: If the insurance companies are making lots of money and the # of uninsured is still largeObamacare is a failure since so expensive,12-26-2015 23:47:29,2051,6906,false,680897754751713280
Twitter for iPhone,Going to Ohio home of one of the worst presidential candidates in history--Kasich. Can't debate loves #ObamaCare--dummy!,11-23-2015 22:11:48,2518,6408,false,668914875557629953
Twitter for iPhone,John Kasich fell right into President Obama‚Äôs trap on ObamaCare and the people of Ohio are suffering for it. Shame!,11-20-2015 01:06:59,1503,3708,false,667509409120043008
Twitter for iPhone,I told you! Premiums are soaring! #RepealObamacare #Trump2016 https://t.co/Ey50582uND,11-19-2015 20:03:43,1538,2799,false,667433091590418432
Twitter for Android,"@TheCRwire: Mitt Romney finally takes the credit he deserves‚Ä¶ for #Obamacare https://t.co/17XKfwxJ7O . https://t.co/HNBjSX4yGw",10-25-2015 18:59:33,789,1296,false,658357245349109760
Twitter for Android,Notice that illegal immigrants will be given ObamaCare and free college tuition but nothing has been mentioned about our VETERANS #DemDebate,10-14-2015 02:33:13,16929,26041,false,654122760860495872
Twitter Web Client,If I win the presidency my judicial appointments will do the right thing unlike Bush's appointee John Roberts on ObamaCare.,06-26-2015 16:38:33,787,1704,false,614472830969880576
Twitter for Android,"@macresslertech: RT  ObamaCare premiums could jump as high as 51% http://t.co/5jF0J3OY3X Terrible for economy. Repeal &amp; Replace.,05-29-2015 02:43:55,53,69,false,604115927790141440
Twitter Web Client,ObamaCare premiums could jump as high as 51% http://t.co/BdBnj4hm99 Terrible for economy. Repeal &amp; Replace with free market solution!,05-28-2015 20:41:40,230,271,false,604024764668252161
Twitter Web Client,The Republicans are funding ObamaCare and Amnesty. Obama beats them.  http://t.co/jEgR6jSQ5J,04-17-2015 12:59:51,37,42,false,589050639021428736
Twitter Web Client,There is only one fix for ObamaCare - REPEAL &amp; REPLACE with a free market oriented alternative!,03-31-2015 18:00:21,99,177,false,582965669211344898
Twitter for BlackBerry,Via @BreitbartNews: ‚ÄúDONALD TRUMP AT SUMMIT: OBAMACARE A ‚ÄòFILTHY LIE‚Äô CAN BUILD ‚ÄòA BEAUTY‚Äô OF A BORDER FENCE‚Äù http://t.co/ubqpHOogI8,01-25-2015 13:52:24,118,114,false,559348060162383873
Twitter Web Client,Congress must repeal ObamaCare. Obama will veto while Americans continue to lose their doctors &amp; pay rising premiums.,01-06-2015 21:53:27,142,213,false,552583752384520192
Twitter Web Client,Romney was the architect of ObamaCare. Bush‚Äôs Chief Justice legalized the monstrosity. Notice a trend?,12-19-2014 20:02:08,261,307,false,546032755013079040
Twitter for Android,"@EileenJael: @realDonaldTrump @Carrienguns Do you think the Bushes knew Justice Roberts was going to pull an ObamaCare stunt like that?,12-18-2014 08:43:19,12,24,false,545499538694627328
Twitter Web Client,After destroying the Middle East &amp; our economy the Bushes last gift was having Justice Roberts legalize ObamaCare. No more Bushes!,12-17-2014 21:34:11,351,381,false,545331146268372992
Twitter Web Client,Via @BreitbartNews by @pamkeyNEN: ‚ÄúTrump: ObamaCare Not Working for Business Going to Collapse‚Äù  http://t.co/tgXqNnap9P,12-11-2014 19:29:47,20,29,false,543125511460093952
Twitter Web Client,RomneyCare/ObamaCare architect Gruber apologized for his comments. He should apologize for the $2T monstrosity &amp; return all taxpayer money.,12-10-2014 21:02:02,104,178,false,542786338274435074
Twitter for Android,President Obama Gruber and all of the other Obama cronies got ObamaCare passed by lies and fraudulent statements. Courts should overturn!,12-10-2014 02:53:31,240,359,false,542512405318610948
Twitter for Android,"@Tyler_Allreddd: Well said @realDonaldTrump #Obamacare http://t.co/8T6O4P5eu8",12-10-2014 02:30:37,394,475,false,542506642248441858
Twitter Web Client,Glad to see RomneyCare/ObamaCare architect Gruber being eviscerated on the Hill today. He should return all taxpayer money he was paid.,12-09-2014 20:56:45,118,214,false,542422623800422401
Twitter Web Client,ObamaCare continues to increase insurance premiums &amp; raise record deductibles. New Congress must use every tool to defund.,12-09-2014 20:47:22,179,260,false,542420259433500672
Twitter Web Client,Obama is giving Social Security &amp; ObamaCare to illegals yet wants to cut military benefits http://t.co/9WOTxcby49 Disgrace!,12-04-2014 20:29:17,660,449,false,540603770263314433
Twitter Web Client,Broken borders $18T debt ObamaCare failing &amp; over budget. Don‚Äôt worry our president is still fundraising http://t.co/s4z0EzWQPN Priorities,12-03-2014 20:22:35,153,148,false,540239698099437569
Twitter Web Client,If ObamaCare should not be repealed then why has Obama &amp; Congress exempted their staffs?,12-01-2014 21:54:40,205,254,false,539538092693409794
Twitter Web Client,ISIS is starting its own currency. May be stronger than the dollar if ObamaCare is fully implemented.,11-24-2014 21:38:39,1314,1410,false,536997346585096192
Twitter Web Client,WATCH ‚Äì WH official says that ObamaCare/RomneyCare architect Gruber was ‚Äòan important figure‚Äô in crafting the law http://t.co/L9679gtq82,11-19-2014 20:16:51,36,47,false,535164824419045376
Twitter Web Client,ObamaCare will continue to stop entrepreneurship slow growth and halt research &amp; development. Defund Repeal &amp; Replace!,11-18-2014 20:44:14,230,296,false,534809328352784384
Twitter Web Client,At least ObamaCare/RomneyCare architect Gruber admitted albeit privately that we were lied to by Obama. Gang of Liars.,11-18-2014 20:06:17,110,135,false,534799778354561024
Twitter Web Client,ICYMI my @foxandfriends int. criticizing the GOP on ObamaCare the new Congress &amp; 2016  http://t.co/tQE7wreeIS,11-18-2014 19:16:07,17,26,false,534787153822502912
Twitter Web Client,Just like Jonathan Gruber viciously lied &amp; called Americans ‚Äústupid‚Äù on ObamaCare many consultants are doing the same on Global Warming.,11-18-2014 15:30:26,114,125,false,534730356524855296
Twitter Web Client,ObamaCare/RomneyCare architect Gruber was paid over $6M with our tax dollars yet Obama only claims he ‚Äòwas some adviser.‚Äô,11-17-2014 18:42:37,217,170,false,534416334961246209
Twitter for Android,So Obama's top people responsible for ObamaCare think the American Public is stupid! All based on lies and deception! Repubs should sue.,11-16-2014 20:33:03,188,288,false,534081738696581120
Twitter for Android,"@JimDBenson: @realDonaldTrump Great point on the Obamacare site‚Ä¶Thanks for keeping it top-of-mind. Your gifted insights bless America!",11-12-2014 00:11:51,13,25,false,532324858827251712
Twitter Web Client,The ObamaCare website still is not complete. $5 billion and no progress. Scary and sad!,11-11-2014 20:05:32,240,353,false,532262871980605441
Twitter Web Client,My @971FMTalk int. with @DLoesch on #HandsOffMyGun 2014 election results stopping Obamacare new Senate &amp; 2016 http://t.co/h9SRKPpZww,11-06-2014 21:13:34,23,21,false,530468056234196993
Twitter Web Client,Fact ‚Äì every successful GOP Senate candidate just elected ran on repealing ObamaCare. In January it‚Äôs time to move!,11-06-2014 19:49:21,203,305,false,530446862051184640
Twitter Web Client,Yesterday was a referendum on ObamaCare &amp; all other Obama fiascos. Republicans can now rein him in.,11-05-2014 21:49:50,168,305,false,530114792481386496
Twitter Web Client,Today is referendum on ObamaCare Amnesty slow growth having your healthcare dropped &amp; all the other lies.,11-04-2014 18:48:35,232,234,false,529706792729997314
Twitter Web Client,Jeanne Shaheen was the deciding vote for ObamaCare. Premiums have skyrocketed 90% for New Hampshire. Send @SenScottBrown to the Senate!,10-30-2014 20:46:50,336,207,false,527924610164350977
Twitter Web Client,Mark Udall was the deciding vote for ObamaCare &amp; now 250000 Coloradans were dropped from their plans. Vote @CoryGardner!,10-28-2014 18:15:21,195,141,false,527161712118865921
Twitter Web Client,John Foust is a liberal who supports ObamaCare and opposes Ebola travel ban. Send Conservative @BarbaraComstock to Congress!,10-28-2014 17:40:46,80,116,false,527153009860808705
Twitter Web Client,ObamaCare has brought skyrocketing premium increases &amp; unaffordable deductibles which will lead to less care &amp; job losses.,10-28-2014 13:02:59,232,346,false,527083103022776320
Twitter Web Client,Michelle Nunn supports Amnesty a weak border &amp; ObamaCare. She is an Obama liberal. Send DC an independent voice. Vote @Perduesenate!,10-24-2014 19:16:55,244,175,false,525727655094931458
Twitter for Android,Double digit premium increases because of ObamaCare. Dems trying to delay showing numbers until after election but news is spreading fast!,10-23-2014 23:10:47,578,388,false,525424121937948674
Twitter Web Client,Liberal SD Dem candidate Rick Weiland wants to expand ObamaCare to single payer &amp; opposes Ebola travel ban. Send @RoundsforSenate to Senate!,10-22-2014 19:15:02,56,52,false,525002407554871296
Twitter Web Client,Don‚Äôt believe Kay Hagan on Ebola travel ban. She also promised that you would keep your healthcare plan under ObamaCare. Vote @ThomTillis!,10-21-2014 19:24:12,283,258,false,524642327454023680
Twitter Web Client,Now Michelle Nunn will not admit she voted for Obama. Of course she did. Nunn supports ObamaCare &amp; is anti-Second Amendment.,10-17-2014 19:48:11,97,143,false,523198809166581760
Twitter Web Client,Michelle Nunn will be a solid vote for  Obama. She supports ObamaCare &amp; opposes 2nd Amendment. Vote for  @Perduesenate to change things!,10-14-2014 19:42:16,154,122,false,522110155262263296
Twitter for Android,Do you notice that because of Ebola ISIS etc. ObamaCare has gone to the back burner despite horrible results coming out. A disaster!,10-11-2014 04:25:43,158,205,false,520792336612466688
Twitter Web Client,"Obamacare puts poor people on a form of government run single-payer health insurance that many doctors don't take" - @Avik,10-10-2014 13:23:20,72,124,false,520565244947886080
Twitter Web Client,Obamacare premiums continue to rise and bend up the cross curve. And the back-end of the website does not even work.,10-08-2014 14:03:47,100,165,false,519850645990674432
Twitter Web Client,Jeanne Shaheen wants amnesty for illegals placed the deciding vote for  ObamaCare &amp; opposes the 2nd Amendment. Vote her out in November!,09-29-2014 20:39:00,233,209,false,516688617696399360
Twitter Web Client,‚ÄúRunaway Obamacare Spending Will Cost Democrats‚Äù http://t.co/J3TEY8jGRP via @BloombergView by @lanheechen,09-29-2014 20:16:25,41,44,false,516682932841631746
Twitter Web Client,Must watch for all Georgians @Perduesenate‚Äôs new ad ‚ÄúSecure Our Border https://t.co/KhnHd5i13r Michelle Nunn supports amnesty &amp; ObamaCare,09-29-2014 20:15:42,35,35,false,516682752268447744
Twitter Web Client,‚ÄúObamacare Data Mismatch Could Leave Thousands Uninsured‚Äù http://t.co/11X7cE3mRY ObamaCare is not working and has missed all targets.,09-23-2014 20:12:56,76,73,false,514507729822834689
Twitter Web Client,Are the Republicans going to blow their chance to take the Senate? Must focus on ObamaCare and amnesty.,09-17-2014 20:39:02,96,114,false,512339970414374912
Twitter for Android,In order to stop the Ebola outbreak in Africa perhaps the President should put all Africans on ObamaCare rather than sending the troops!,09-16-2014 22:25:09,602,654,false,512004288546373633
Twitter Web Client,Just met with David Perdue @Perduesenate. He‚Äôs a fantastic guy who will fight hard against ObamaCare. He will win!,09-16-2014 16:46:56,76,134,false,511919171752697856
Twitter Web Client,ObamaCare has cut workers‚Äô pay by over $22B &amp; eliminated 350000+ small business jobs http://t.co/AdsN1jVf7I Repeal before it's too late!,09-12-2014 20:12:43,429,318,false,510521408548765696
Twitter Web Client,Sen. Kay Hagan voted for Amnesty &amp; ObamaCare. She is a proven liberal who recklessly goes along with Obama. Vote @ThomTillis in November!,09-12-2014 20:04:22,263,213,false,510519308280422400
Twitter Web Client,Fact ‚Äì Obama still has not fixed the backend of the ObamaCare website. This could be the greatest internet boondoggle in history.,09-09-2014 19:49:15,177,254,false,509428339862675456
Twitter Web Client,The ObamaCare website was hacked. $5B dollars later and the site can‚Äôt even secure your personal information.,09-05-2014 20:55:14,434,358,false,507995391934337024
Twitter Web Client,It‚Äôs Tuesday. How many jobs has ObamaCare cost the economy today?,08-26-2014 19:45:07,200,277,false,504353868978094080
Twitter Web Client,ObamaCare premiums rising 13.2% in 2015 http://t.co/778bc2kJxe Elections have consequences!,08-07-2014 20:44:35,128,98,false,497483466385412096
Twitter for Android,The ObamaCare website is in the news again - it is turning out to cost even more than previously thought AND IT DOESN'T WORK! Big trouble!,08-02-2014 01:38:35,224,286,false,495383125732896768
Twitter Web Client,Youth unemployment is at a record high. ObamaCare is a job destroyer which is ruining aspiring careers. It must be repealed.,07-29-2014 19:29:56,276,331,false,494203189957496832
Twitter Web Client,Obama can sign an illegal executive action anytime for ObamaCare but he can‚Äôt fix the illegal loophole.,07-28-2014 20:53:12,125,192,false,493861754888151042
Twitter Web Client,ObamaCare strikes again. Major insurer announced that over 53000 New Yorkers will be dropped from their plans http://t.co/G0kgLi10Sh,07-22-2014 13:21:16,230,119,false,491573695539081216
Twitter Web Client,Congrats to Obama &amp; Democrats. CBO has just announced that ObamaCare missed its uninsured target by half &amp; program costs extra $700B+.,07-17-2014 16:22:35,553,420,false,489807387193507840
Twitter Web Client,Obama claims that he needs an extra $4B to secure the border. Well then he should not have wasted $5B on the ObamaCare website.,07-17-2014 13:16:32,1265,1417,false,489760565074870272
Twitter for Android,"@BackOnTrackUSA:Imagine how much tax money it will cost Americans when Obama legalizes 25 million illegal aliens&amp;gives them free ObamaCare",07-08-2014 05:59:06,133,105,false,486388989062946817
Twitter Web Client,Your tax dollars well spent. Over 1.295M ObamaCare enrollees will also be illegal immigrants http://t.co/VE85kBl3VT  Are you surprised?,07-07-2014 19:54:04,382,194,false,486236729083719680
Twitter Web Client,Our Q1 GDP was -2.9%. Worst in memory --  ObamaCare killing jobs stopping growth and making small business insecure.,06-27-2014 13:13:13,176,145,false,482511973339656192
Twitter Web Client,It‚Äôs Monday. How much will premiums rise today because of ObamaCare? REPEAL!,06-23-2014 19:08:19,77,119,false,481151783499485185
Twitter for Android,Was Susan Rice told to lie about Bergdahl? Obama and his representatives lie about virtually everything from ObamaCare to a deserter.,06-04-2014 10:19:52,246,283,false,474133425863938048
Twitter for Android,Have you ever seen our country look weaker or more pathetic: Snowden ObamaCare VA Russia jobs decimated military debt and so much more,05-29-2014 12:28:50,482,439,false,471991556850081792
Twitter for Android,What does.Obama know about the VA or business - nothing just look at the five billion dollar ObamaCare website. We need a real leader!,05-26-2014 20:33:38,319,405,false,471026395112427521
Twitter Web Client,The ObamaCare websites have cost over $5B &amp; many still do not work http://t.co/PlhYDjwPKA One of the greatest fiascos in modern history!,05-23-2014 18:26:09,212,180,false,469907149897101313
Twitter for Android,"@TTH7: Just talked to nice woman at jacknthebox- she's being cut to 30 hrs due to #Obamacare- been there 5 yrs-3 kids to feed" Very sad!,05-20-2014 04:55:46,48,72,false,468616045788282880
Twitter for Android,NobamaCare won't work never will work and can't work - it is a total waste of time and energy except that it is hurting people (&amp; economy!),05-17-2014 06:20:43,195,244,false,467550260202835968
Twitter Web Client,Must read f/@ weeklystandard by @JayCostTWS: ‚ÄúObamacare Myth-Making - Five phony success stories.‚Äù http://t.co/NYQucbV8Vu,05-09-2014 21:01:46,22,26,false,464872880690720768
Twitter Web Client,Congratulations to @thomtillis on winning @NCGOP Senate primary. Time for the party to unite and defeat ObamaCare advocate Kay Hagan!,05-07-2014 19:54:58,72,92,false,464131295724175360
Twitter Web Client,Over 90% of American workers could lose their healthcare by 2020 thanks to ObamaCare. Repeal before it is too late!,05-05-2014 18:16:27,260,230,false,463381727474618368
Twitter Web Client,"@salpie  @realDonaldTrump and how many of the jobs report uptick is due to Feds hiring #Obamacare exchange temps!"  Good question. ?,05-02-2014 16:40:04,14,19,false,462270306665893888
Twitter Web Client,ObamaCare not only has brought higher premiums decreased care &amp; loss of jobs but now .1% Q1 growth. REPEAL BEFORE IT IS TOO LATE!,05-02-2014 13:07:03,237,218,false,462216701162295296
Twitter Web Client,Is everyone enjoying ObamaCare‚Äôs 21 new 2014 taxes? http://t.co/iFZRjKmWjP It‚Äôs Obama‚Äôs special gift added on to your rising premium.,04-28-2014 20:28:55,187,109,false,460878347103637504
Twitter Web Client,The ObamaCare enrollment numbers are a lie.They will be ‚Äòreadjusted‚Äô by the White House at an opportune time probably after ‚Äô14 election,04-23-2014 19:43:59,172,176,false,459055101370712064
Twitter for Android,Rep. Stephen Lynch (D-Ma) said "There's all of these taxes and fees that are the tough medicine..it's going to hit the fan" 're ObamaCare.,04-22-2014 20:19:48,31,31,false,458701727613874176
Twitter for Android,"@CinderellaMan2: ! @realDonaldTrump explains #Obamacare perfectly. http://t.co/7DS22GYDAO",04-19-2014 11:55:21,1103,934,false,457487612471943168
Twitter Web Client,ObamaCare enrollment lie: Obama counts an enrollee as a web user putting a plan in ‚Äútheir online shopping carts‚Äù  http://t.co/fPpFEby5mV,04-18-2014 16:57:09,167,111,false,457201177487499264
Twitter Web Client,CBO now estimates that over 2.5M will lose jobs directly because of ObamaCare. REPEAL now before it is too late.,04-18-2014 13:11:23,304,228,false,457144360384352256
Twitter Web Client,Obama lied when he said ‚Äúyou can keep your plan‚Äù so why would anyone believe his bogus ObamaCare enrollment numbers?!,04-14-2014 21:00:30,414,450,false,455812865937928192
Twitter for Android,"@Winger23: Obamacare has ruined healthcare. Everyone I know is having a hard time paying their new plans. It costs too much!",03-30-2014 00:30:21,103,150,false,450067471635349504
Twitter for Android,Obama must now FOCUS get his mind off "March.Madness" and LEAD! Watch Russia closely work hard on the economy and get rid of ObamaCare!,03-22-2014 11:31:51,562,649,false,447334838644015104
Twitter for Android,President Obama could totally solve the problem with Putin by demanding that Russia sign on to ObamaCare thereby destroying their economy!,03-18-2014 10:09:04,1435,1322,false,445864455252234240
Twitter Web Client,"@sendit40 tried yr mobile app to check out yr hotel rates in Doral. App works effortlessly is easy to use to book rooms" Unlike ObamaCare,03-11-2014 15:31:40,40,57,false,443408924210114560
Twitter for Android,Was President Obama in charge of this years Academy Awards - they remind me of the ObamaCare website!  #Oscars.,03-03-2014 04:34:15,654,699,false,440344377672867840
Twitter for Android,We could make America great again by spreading ObamaCare throughout the World while at the same time  dropping it from U.S.!,02-24-2014 13:50:58,302,317,false,437947764241342464
Twitter Web Client,If ObamaCare is such a wonderful law then why does Obama summarily  change the law before an election?,02-12-2014 19:53:35,294,264,false,433690365699190784
Twitter for Android,Wow just in - ObamaCare projected to cause large scale drop in jobs - even Dems are shocked by 2.5 million number. DISASTER!,02-05-2014 13:13:19,388,223,false,431052920738816000
Twitter Web Client,CBO estimates over 2.3M jobs will be lost due to ObamaCare http://t.co/CHG5fhA2Q5 Elections have consequences.,02-04-2014 21:19:32,258,118,false,430812893538295809
Twitter Web Client,Congrats to Pres.Obama and Dems. CBO has TRIPLED its estimate of working hours lost due to ObamaCare http://t.co/CHG5fhA2Q5 Job Killer,02-04-2014 19:01:11,249,119,false,430778077757468673
Twitter Web Client,Once ObamaCare is fully enacted in NY conveniently after 2014 expect higher premiums bigger deductibles &amp; worse care. Job killer!,01-29-2014 21:25:19,163,138,false,428640022607044608
Twitter Web Client,Welcome to the new reality! Moody‚Äôs just downgraded the entire US health insurance industry because of ObamaCare.,01-29-2014 17:19:08,338,134,false,428578065308864512
Twitter for Android,"@Sunflowers362: @realDonaldTrump I have been reviewing my options for this #Obamacare it has me with #sleepless #nights. I'm worried!",01-13-2014 02:22:42,14,24,false,422554268349251584
Twitter for Android,"@Jenylyn23: @realDonaldTrump what would be your first action as President?"  TO END OBAMACARE!,01-12-2014 00:34:13,134,215,false,422164577141669888
Twitter for Android,Now that the ObamaCare website contractor has been terminated for obvious incompetence is the person who hired them going to be fired?,01-11-2014 08:02:05,336,362,false,421914897895940096
Twitter for Android,President Obama just fired the ObamaCare website builder. My question is why were they hired in the first place? Sue them for damages!,01-11-2014 07:56:10,217,273,false,421913410004353024
Twitter Web Client,Welcome to the new ObamaCare reality ‚Äì Doctor spent 2 hours on hold w/insurance company to get approval for surgery http://t.co/W2Lru0takZ,01-03-2014 20:23:47,333,157,false,419202452936601600
Twitter Web Client,It's Jan. 2. President Obama should end his vacation early &amp; get back to Washington to straighten out the ObamaCare catastrophe--or end it.,01-02-2014 20:48:02,406,428,false,418846167590383618
Twitter Web Client,Guess what folks--the ObamaCare website just went down again. What a disaster.,12-20-2013 18:18:10,318,288,false,414097410726432769
Twitter Web Client,It‚Äôs Friday. How many people have been forced off their plans and lost their doctors today because of ObamaCare?,12-20-2013 16:37:03,103,113,false,414071960256000000
Twitter for Android,White House relaxes penalty for canceled health policies a major blow  to the sustainability (and concept) of ObamaCare! They are desperate,12-20-2013 11:19:42,174,151,false,413992096409059328
Twitter Web Client,ObamaCare Horror Story: ‚ÄúNavigators Tell Applicants To Lie Like Administration‚Äù http://t.co/o3cUA4gYzR @JamesOKeefeIII strikes again!,12-19-2013 21:45:35,164,72,false,413787218054893568
Twitter Web Client,Can‚Äôt fool Americans. 57% of uninsured hate ObamaCare http://t.co/U1Du47apAs Reality is less will be insured b/c of this monstrosity.,12-19-2013 21:26:45,118,111,false,413782479049207809
Twitter Web Client,No cuts to welfare no cuts to food stamps &amp; NOT A SINGLE CUT TO OBAMACARE yet the new budget cuts military benefits. Sad!,12-19-2013 19:46:03,1628,865,false,413757137190273024
Twitter Web Client,Alternatives are important but first Repubs must repeal ObamaCare. It's an unsustainable monstrosity that's destroying our healthcare.,12-18-2013 15:43:23,142,135,false,413333680975663104
Twitter Web Client,ObamaCare Story of the Day: ‚ÄúFlorida Cancer Patient Loses Insurance During Treatment B/C of ObamaCare‚Äù http://t.co/zNGTuhJat6,12-17-2013 21:19:02,224,77,false,413055760810012672
Twitter for Android,"@kasek_craig: Can someone please explain how my obamacare insurance is twice as expensive as my cancelled insurance.. can't afford this",12-11-2013 03:13:43,89,94,false,410608304348741632
Twitter Web Client,Where‚Äôs the leadership? Obama only met with Sebelius ONCE since ObamaCare passed  http://t.co/ACAa5e50Cs  His signature legislation...,12-09-2013 21:12:04,83,56,false,410154905299472384
Twitter for Android,The Unaffordable Care Act sometimes referred to as ObamaCare is not working. Millions of people are losing their plans and doctors-fraud!,12-09-2013 11:23:19,224,210,false,410006741162921984
Twitter for Android,Just got back to New York from California. Will be on Fox  &amp; Friends tomorrow morning at 7.00. ObamaCare and other disasters to be discussed,12-09-2013 03:27:13,107,184,false,409886929178869760
Twitter Web Client,It's Friday. How much money has been wasted on defunct ObamaCare website today?,12-06-2013 20:40:44,134,160,false,409059856637636608
Twitter Web Client,The now $1.2B ObamaCare website is as bad as ever-- insurers not getting the proper data. http://t.co/W1zv7STHBi,12-06-2013 20:38:57,99,56,false,409059407545135105
Twitter Web Client,Wow it‚Äôs now official. ObamaCare website has topped $1B http://t.co/2IrbJtKR15 Will soon be up to $1.5B,12-03-2013 19:50:21,121,59,false,407960012032446464
Twitter Web Client,Congratulations to the White House. For every 1 ObamaCare enrollment there are 44 cancellation notices. Very unfair!,12-02-2013 20:39:58,449,281,false,407610113726234624
Twitter for Android,Wow the ObamaCare website which President Obama said would be working TODAY is a total mess with many functions not even thought about!,11-30-2013 22:42:15,294,214,false,406916111574503424
Twitter for Android,Today is the day that ObamaCare website was supposed to be up and working. WRONG-website is closed down a total disaster! 90 million doomed,11-30-2013 11:09:47,512,285,false,406741846447362048
Twitter for Android,Despite the fact that I have had great success with the words YOU'RE FIRED I do not like firing people. But ZERO on ObamaCare mess-no way!,11-28-2013 09:11:04,95,105,false,405987193052995584
Twitter for Android,Why doesn't President Obama simply apologize for telling a big fat lie announce that ObamaCare was a mistake and deal a really great plan!,11-27-2013 23:15:26,476,417,false,405837296723042304
Twitter Web Client,The $1B failed website is the tip of the iceberg on the ObamaCare. Over 90 million estimated will lose their plans next year.,11-27-2013 19:11:45,180,93,false,405775974324654081
Twitter Web Client,When do we sue the company-- for billions-- that robbed us in creating the hapless ObamaCare website?,11-26-2013 19:10:42,182,137,false,405413319088959488
Twitter Web Client,I can't believe no one has been fired over the ObamaCare website fiasco!,11-26-2013 19:10:35,141,148,false,405413289682673664
Twitter for Android,How much longer are we expected to put up with the world's most incompetent     leader - ObamaCare Iran Syria bads deals. JUST NEVER ENDS,11-25-2013 01:23:08,527,385,false,404782270185504768
Twitter for Android,The people that gave you global warming are the same people that gave you ObamaCare!,11-24-2013 01:16:05,594,399,false,404418108963950592
Twitter Web Client,Young entrepreneurs ‚Äì keep positive. Don‚Äôt let the ObamaCare disaster stop your endeavors. There are great opportunities out there.,11-22-2013 20:35:16,266,261,false,403985050456174593
Twitter Web Client,It‚Äôs Friday. How many millions has the White House wasted on the ObamaCare website today?,11-22-2013 19:44:56,272,241,false,403972384182382592
Twitter Web Client,Republicans have the right approach to ObamaCare ‚Äì let it fail.  Free market solutions will be embraced by Americans in 2016.,11-22-2013 19:43:41,255,281,false,403972068263202817
Twitter Web Client,Emails prove WH knew ObamaCare website wouldn't work in October -- why didn't they delay the launch?  http://t.co/uumhaRxfDa,11-21-2013 21:21:53,75,59,false,403634393077403648
Twitter Web Client,$1B down another $1B to go. ObamaCare website is 40% unfinished. This is beyond pathetic.,11-20-2013 19:21:39,480,322,false,403241751004995584
Twitter Web Client,The next ObamaCare disaster will be doctors being dropped from plans.,11-19-2013 21:38:49,143,129,false,402913881556652033
Twitter Web Client,Broken promises. A broken billion dollar website. ObamaCare can‚Äôt be fixed. Repeal!,11-19-2013 21:38:06,319,240,false,402913699242856448
Twitter for Android,Maybe some of the dead voters who helped get President Obama elected can be brought back to life after signing up for ObamaCare.,11-18-2013 10:16:53,528,406,false,402379878643040256
Twitter for Android,"@ISaidKnow: AWESOME! RT  Again more dead people voted in the last election than enrolled in ObamaCare. Congratulations America!‚Äù  Thanks!,11-16-2013 12:38:03,351,121,false,401690626854780928
Twitter Web Client,Again more dead people voted in the last election than enrolled in ObamaCare. Congratulations America!,11-15-2013 17:41:30,1147,570,false,401404606447493120
Twitter for Android,The only deal the Republicans should accept is a complete repeal of ObamaCare. You have them on the run - don't fold - go for it!,11-15-2013 14:24:40,612,445,false,401355072808185856
Twitter Web Client,I'll be on @gretawire On the Record tonight to talk about the ObamaCare fiasco--7 pm on Fox News,11-14-2013 19:27:42,59,79,false,401068944460500992
Twitter Web Client,More dead people voted in the last election than enrolled in ObamaCare. Congratulations America!,11-14-2013 16:14:58,2656,1196,false,401020440086204416
Twitter Web Client,Breaking news--negotiations with Iranians broke down because Obama insisted that they use ObamaCare.,11-14-2013 16:06:51,315,223,false,401018400907866112
Twitter Web Client,The same people that built the ObamaCare website used as the face of the website someone who is not a US citizen. Incompetent.,11-13-2013 15:03:21,300,187,false,400640029791236096
Twitter Web Client,Can you believe it‚Äîthe model who mysteriously disappeared from the ObamaCare website is not a US citizen‚Äîshe‚Äôs from Colombia.,11-13-2013 15:03:02,338,190,false,400639951831724033
Twitter for Android,ObamaCare is on LIFE SUPPORT - it will soon be DEAD ON ARRIVAL - A bad concept that was imcompetently administered!,11-13-2013 11:44:44,330,285,false,400590048149905408
Twitter for Android,President Obama is under pressure from Democrats to undo his lie on ObamaCare. His problem is that such a move would end ObamaCare.,11-13-2013 11:37:00,272,198,false,400588100847824896
Twitter for Android,ObamaCare is one of the worst political disasters of all time - 4992343 AMERICANS LOSING COVERAGE LESS THAN 50OOO NEW SIGNUPS.,11-13-2013 02:53:53,1221,643,false,400456453477388288
Twitter Web Client,@JamesOKeefeIII‚Äôs @project_veritas has exposed the massive ObamaCare fraud perpetuated by Navigator Programs http://t.co/zTU8I6gYQ1,11-12-2013 20:57:15,30,11,false,400366703965523968
Twitter for Android,While I was in Moscow I see that President Obsma apologized for his lie I mean statement on ObamaCare! How nice of him to be so forthright,11-11-2013 04:14:06,140,189,false,399751865346588672
Twitter for Android,The Republicans must be patient and smart - ObamaCare could sweep them into office in far greater numbers than anyone ever thought possible!,11-11-2013 04:07:16,291,284,false,399750145371537409
Twitter for Android,If Justice Roberts had done the right thing and voted against ObamaCare our country would be in a lot better shape right now! TOTAL TURMOIL,11-11-2013 03:33:16,375,295,false,399741589792509952
Twitter for Android,If we could force Russia China and other competitors to use ObamaCare we would be able to instantly destroy their great economic success!,11-11-2013 03:11:51,524,366,false,399736198643847168
Twitter Web Client,The ObamaCare disaster will increase the amount of uninsured http://t.co/hq7O7j7RRU What is the point of this Trillion $ monstrosity?,11-08-2013 14:34:15,176,82,false,398820767686602752
Twitter Web Client,At least 3.5M fellow Americans are going to lose their healthcare plans because of ObamaCare. Defund then repeal!,11-07-2013 19:04:09,226,144,false,398526303806058496
Twitter Web Client,Congratulations to the $1B ObamaCare website on enrolling FOUR in Delaware. Cost to us - $4M   http://t.co/ce4lvhRpJq,11-07-2013 18:40:49,524,259,false,398520430169821184
Twitter for Android,If Democrats do not start opposing ObamaCare and fast Republicans will have a massive victory in 2014 - far greater than any predictions!,11-07-2013 11:35:54,214,256,false,398413498965065728
Twitter for Android,A level will be reached where ObamaCare will be so out of control expensive and unwieldy that the biggest supporters will abandon ship.,11-07-2013 11:27:36,185,146,false,398411406829428737
Twitter for Android,Prediction: The disaster known as ObamaCare will only get worse and Republicans will gain far greater power than they have had in years!,11-07-2013 11:21:33,237,239,false,398409887249870849
Twitter for Android,Just sit back and watch ObamaCare is such a disaster it will fall like a house of broken cards. The website is the best part of this mess!,11-07-2013 02:13:19,298,279,false,398271916299272192
Twitter for Android,When Obama tried to tweak his previous statement on ObamaCare he made it an even greater lie-even the Senate Democrats are angry with him!,11-07-2013 02:07:48,224,203,false,398270528588636160
Twitter for Android,Can you believe that the builder of the failed ObamaCare website was just given a new government contract - how stupid is that - CLUELESS!!!,11-06-2013 00:37:21,571,272,false,397885379208314881
Vine - Make a Scene,#TrumpVine on ObamaCare website- https://t.co/Qk5hNM9pRX,11-05-2013 14:52:14,344,276,false,397738132181090304
Twitter for Android,Lies and incompetence - the two words that are most closely associated with ObamaCare!,11-05-2013 10:48:51,302,220,false,397676880729759744
Twitter for Android,Wow just watching the news.ObamaCare and the website are TOTALLY OUT OF CONTROL. Costs are through the roof. This could be ruinous to U.S.!,11-05-2013 00:15:04,207,138,false,397517383017193472
Twitter for Android,"@andersengell: Love reading T's tweets concerning ObamaCare. People might find him controversial but Mr. Trump sure knows his stuff! #pro",11-05-2013 00:05:58,10,19,false,397515094537822208
Twitter Web Client,The ObamaCare website will cost over $1.5B when all is said and done. Crazy!,11-04-2013 21:24:45,371,166,false,397474521306759168
Twitter Web Client,Hope &amp; Change. Millions are losing their healthcare plans &amp; ObamaCare is taking cancer patients‚Äô doctors away http://t.co/beCpF6ZzTv,11-04-2013 21:11:26,204,66,false,397471170930298881
Twitter Web Client,Not only did the $1B ObamaCare website not work it can‚Äôt even protect your personal information http://t.co/H6Ge0N5tZW A disaster.,10-31-2013 19:48:43,203,87,false,396000802449289216
Twitter Web Client,The ObamaCare website is unfixable &amp;  rumor has it that they will stop checks &amp; balances‚Äîa free-for-all that will cost the country trillions,10-31-2013 16:11:07,172,96,false,395946040408285184
Twitter for Android,How come Snowden and ObamaCare have access to all records and information but don't have even the smallest tidbits on President Obama?,10-30-2013 22:54:58,172,107,false,395685286728204288
Twitter for Android,ObamaCare is a disaster and Snowden is a spy who should be executed-but if it and he could reveal Obama's recordsI might become a major fan,10-30-2013 22:48:40,394,301,false,395683702757662721
Twitter Web Client,China just called. They want to lend Obama another $1B for the ObamaCare web site.,10-30-2013 20:50:07,411,256,false,395653865896308737
Twitter Web Client,Via @WSJ: ‚ÄúThe ObamaCare Awakening: Americans are losing their coverage by political design.‚Äù http://t.co/Y3Y2PbOuzS,10-30-2013 20:49:31,154,65,false,395653715299799040
Twitter Web Client,If Obama was willing to lie about ObamaCare then what else has he lied to us about‚Ä¶,10-30-2013 20:36:05,631,388,false,395650336548864000
Twitter for Android,It is now a FACT that President Obama lied in order to get ObamaCare passed-that is fraud and the legislation should be recinded-INTERESTING,10-30-2013 13:32:47,933,518,false,395543808588648450
Twitter Web Client,1.5M have already lost their health care plans thanks to ObamaCare http://t.co/3e8yW46znl  Defund now and Repeal later!,10-29-2013 17:14:19,252,98,false,395237171214311424
Twitter Web Client,Like your current health care plan? Too bad you‚Äôre going to lose it under ObamaCare. Hope Change &amp; a  300% Increase in Your Premium.,10-28-2013 20:59:57,443,184,false,394931567266512897
Twitter Web Client,Sebelius didn't test $635M (probably $1B) ObamaCare website until ‚Äúa couple of days leading up to the launch.‚Äù http://t.co/0CgLKxjXYm,10-28-2013 20:45:18,53,23,false,394927878594240512
Twitter Web Client,Time for Sebelius to be fired. She has admitted that the Administration did not vet the ObamaCare website http://t.co/rQz1rRvz5H,10-28-2013 20:04:46,156,65,false,394917680685121536
Twitter Web Client,Thanks to ObamaCare‚Äôs device tax Boston Scientific plans to cut 1500 jobs http://t.co/AUxXIKuq26 ObamaCare will kill ingenuity.,10-28-2013 20:03:26,184,36,false,394917341219151872
Twitter Web Client,First Titantic sunk on its maiden voyage.Next the Hindenburg explodes on its first flight to America.Now we suffer the ObamaCare rollout!,10-25-2013 17:19:57,404,196,false,393789039486054400
Twitter Web Client,The Audacity of Ineptitude ‚Äì ObamaCare website will cost over $1B  http://t.co/w71bC1ryzy  When will someone finally be held accountable?,10-24-2013 21:06:43,300,82,false,393483717563273216
Twitter for Android,Honestly whether you're for or against ObamaCare the 635 million dollar website fiasco is bad for the U.S. It makes us look totally inept!,10-23-2013 12:15:15,315,174,false,392987582638063616
Twitter Web Client,Have time to waste? Go to the ObamaCare website.,10-22-2013 20:12:12,1034,593,false,392745222389510144
Twitter Web Client,Doing an interview with @SteveDeaceShow. Discussing the ObamaCare  web disaster. Be sure to listen http://t.co/3mIrqrqG2D,10-21-2013 19:41:00,29,26,false,392374982526787587
Twitter for Android,I would bet that we have many great American technology companies that would build and fix the pathetic ObamaCare website for ZERO dollars!,10-20-2013 22:52:43,152,114,false,392060841346215936
Twitter for Android,THE ROLLOUT OF OBAMACARE IS A TOTAL DISASTER AND AN EMBARRASSMENT TO OUR COUNTRY. THE WORLD IS WATCHING AND LAUGHING.$635000000 WEBSITE!,10-19-2013 21:41:24,808,403,false,391680505332396032
Twitter for Android,"@TonyTurko: @realDonaldTrump NBC Report: White House Taking Obamacare Website Offline Again For ‚ÄúRepairs.",10-19-2013 02:29:05,33,20,false,391390518015700993
Twitter for Android,Just like its website ObamaCare is a disaster.Maybe all those who are fighting it are wasting their time-it will fail on its own!,10-19-2013 02:20:37,240,153,false,391388385153392640
Twitter for Android,Secy. Sebelius who was responsible for the horrendous ObamaCare rollout should resign or be fired.Refuses to go before Congress to explain,10-19-2013 01:43:27,152,65,false,391379033000534016
Twitter for Android,"@afrodeziak: @DanAmira @realDonaldTrump @NYMag Unlike the rest of you libs Mr. Trump will be just fine. He doesn't have Obamacare!",10-18-2013 22:37:59,10,6,false,391332356331937793
Twitter for Android,ObamaCare website fiasco was a SINGLE bid to a Canadian company - terrible!,10-18-2013 11:19:32,214,69,false,391161619088416768
Twitter for Android,The contract to build the ObamaCare website was given to a CANADIAN company for $55 744 081. It then bloated to $292 071067 INCOMPETENCE,10-18-2013 10:48:20,745,198,false,391153770501271552
Twitter for Android,Somebody got rich building the ObamaCare website which doesn't even come close to working - where has the money gone?,10-12-2013 01:22:46,506,210,false,388837113023954944
Twitter for Android,I know a great deal about websites etc. but I am unable to understand how our government spent $635 million on the ObamaCare site-&amp; disaster,10-12-2013 01:19:09,497,216,false,388836202360885248
Twitter Web Client,Weekly jobless claims soared to 21.5% a 6 month high http://t.co/4tCiuu97K2 ObamaCare the greatest job killer in US history.,10-11-2013 16:53:38,233,66,false,388708983994720256
Twitter Web Client,Obama‚Äôs job approval is at 37% a record low. @GOP &amp; @SpeakerBoehner have the leverage &amp; momentum. Delay ObamaCare for all Americans!,10-10-2013 17:36:48,369,152,false,388357460412485632
Twitlonger,Obama has unilaterally &amp; unconstitutionally drawn 4 ObamaCare exemptions for his friends. All @GOP wants is (cont) http://t.co/P8IwI74hF6,10-04-2013 18:09:58,164,50,false,386191479376736256
Twitter Web Client,Total misnomer to call ObamaCare ‚ÄòThe Affordable Care Act.‚Äô Affordable for whom besides big businesses &amp; Congress w/their exemptions?,10-04-2013 17:42:32,253,114,false,386184574599827456
Twitter Web Client,My @OraTV #Politicking interview w/@kingsthings on the govt. shutdown ObamaCare Putin 2016 and @TrumpDoral http://t.co/AtxvlC3rQM,10-04-2013 17:27:03,17,12,false,386180679962091520
Twitter for Android,"@TonyCinMo: ‚Äú@realDonaldTrump: Obama administration had 4 years to prepare for the ObamaCare rollout. And of course they failed miserably.‚Äù,10-03-2013 23:43:00,148,63,false,385912903435841536
Twitter Web Client,Obama administration had 4 years to prepare for the ObamaCare rollout. And of course they failed miserably.,10-03-2013 20:05:23,602,288,false,385858136734564352
Twitter Web Client,Many Red-State Democrats sticking with Obama on deficit spending on the ObamaCare monstrosity will be defeated in 2014.,10-03-2013 19:01:06,73,44,false,385841958679093250
Twitter Web Client,‚ÄúStudy: Insurance costs to soar under Obamacare‚Äù http://t.co/KakYqO8Xbb Men in NC get 305% hike. Women in NE suffer an average 237% hike.,10-02-2013 21:30:48,440,95,false,385517245180284928
Twitter Web Client,Democrats refused to vote down their ObamaCare subsidy. While Americans will be hit w/ rising premiums Washington won‚Äôt feel any pain,10-02-2013 18:36:19,263,86,false,385473334600667136
Twitter Web Client,The ObamaCare disaster is in full swing. Websites are down people can‚Äôt sign up and elderly can‚Äôt understand the lingo.,10-02-2013 18:33:40,401,161,false,385472666489982976
Twitter for iPhone,Can you imagine with all of the talk about ObamaCare technical breakdowns made it a disastrous day. Our government is badly broken!,10-02-2013 11:52:17,48,27,false,385371655935377409
Twitter Web Client,Must read editorial via @IBDeditorials: "ObamaCare's Bitter Irony: It May Increase Number Of Uninsured" http://t.co/rBqh3KwfZZ,10-01-2013 16:27:23,118,38,false,385078501348356096
Twitter Web Client,No one wants the government to shut down but if ObamaCare is fully implemented then our country will eventually shutdown anyway!,09-30-2013 17:26:12,927,388,false,384730915013808128
Twitter for Android,With proper thinking and leadership we can have a much better plan than Obamacare - something that works for the people and costs much less,09-29-2013 11:06:42,248,152,false,384273020124422144
Twitter for Android,Obamacare is far toooo expensive far toooo complicated (thousands of pages) and most importantly doesn't work. WE CAN DO MUCH BETTER!,09-29-2013 11:00:20,329,187,false,384271418512666624
Twitter Web Client,Spanish version of ObamaCare website  delayed http://t.co/s6xVqlpdJH Hitting google translate apparently too complicated. #MakeDCListen,09-27-2013 17:52:06,58,28,false,383650269172486144
Twitter Web Client,On Monday ObamaCare kicks in with all goodies of 300% increased premiums higher taxes and part-time replacement employees.,09-27-2013 16:55:35,347,69,false,383636044848959488
Twitter Web Client,"Freedom is never more than one generation away from extinction."- Ronald Reagan #MakeDCListen #DefundObamaCare,09-26-2013 20:16:18,453,238,false,383324168374075394
Twitter Web Client,7 million Americans are going to lose their jobs due to ObamaCare. 46 million face 300% premium increases. DEFUND! #MakeDCListen,09-26-2013 20:10:54,1090,319,false,383322810258427904
Twitter Web Client,Both Obama administration and House leadership staffs are exempt from ObamaCare. Why not the American people? #MakeDCListen,09-26-2013 20:10:09,705,223,false,383322623226040320
Twitter Web Client,ObamaCare will increase individual market premiums by 99% for men and 62% for women http://t.co/uKIx7zg2JO DEFUND!! #MakeDCListen,09-25-2013 20:04:46,372,112,false,382958877152538624
Twitter Web Client,If ObamaCare is so amazing then why is Obama delaying significant parts of the bill before the election? #MakeDCListen,09-25-2013 18:11:12,431,145,false,382930298259795968
Twitter Web Client,If Justice Roberts had made the correct decision on ObamaCare our country would not be in turmoil right now!,09-25-2013 16:01:23,439,239,false,382897631434772480
Twitter for Android,"@Greek_Boy_21: @realDonaldTrump if we don't defund #Obamacare the USA will never have the freedom. we will be controlled by our Government,09-25-2013 00:35:43,142,51,false,382664676330733568
Twitter Web Client,Less than one week away from implementation ObamaCare‚Äôs small business exchanges are not ready!http://t.co/Xfta8lOUAA A disaster!,09-24-2013 18:51:40,102,25,false,382578094957002752
Twitter Web Client,The Democrats in Congress don‚Äôt want ObamaCare for themselves or big businesses. So why are they forcing it on the American people?,09-23-2013 20:34:08,480,184,false,382241492942610433
Twitter Web Client,"@WarrenBuffett insists that without changes to Obamacare average citizens will suffer.‚Äù http://t.co/sa6z4YKHb0,09-23-2013 19:11:42,133,41,false,382220749412384768
Twitter for Android,Republicans must unite to defund Obamacare - it will drive our country into oblivion and by the way the healthcare is no good anyway!,09-21-2013 22:40:00,264,136,false,381548395154124800
Twitter Web Client,Americans by &amp; large hate ObamaCare. They see Obama lied to get it passed. They see big business &amp; gov‚Äôt got waivers. Defund!,09-20-2013 13:23:14,260,134,false,381045889290096640
Twitter Web Client,Congratulations to @SpeakerBoehner on standing strong and tying government shutdown to defunding ObamaCare.,09-20-2013 13:13:54,128,89,false,381043541092204544
Twitter for Android,@seanhannity  #Defund Obamacare!,09-19-2013 00:59:17,45,27,false,380496283393597440
Twitter Web Client,.@RNC leadership should not be afraid of a government shutdown. They should be afraid of not defunding ObamaCare.,09-18-2013 13:47:19,145,74,false,380327176676990977
Twitter Web Client,Only 15 days until ObamaCare is implemented. Congress must waive the monstrosity for regular Americans. Why should they be punished?,09-16-2013 21:36:06,282,137,false,379720373626888193
Twitter Web Client,Great column by David Bossie at @BreitbartNews: ‚ÄúA Battle Won but the War Continues to Defund ObamaCare‚Äù http://t.co/AC2vYQckGz,09-16-2013 21:21:25,25,16,false,379716677140615168
Twitter for Android,When I say I would end Obamacare I would also come up with a plan that would be far better much easier to understand and cost less!,09-15-2013 05:39:30,140,152,false,379117250546241537
Twitter for Android,"@JeremyrLack: @realDonaldTrump what would your first act in office be?"  To end Obamacare.,09-15-2013 03:32:03,92,143,false,379085176384782336
Twitter Web Client,NO GAMES! HOUSE @GOP MUST DEFUND OBAMACARE! IF THEY DON‚ÄôT THEN THEY OWN IT!,09-12-2013 19:59:28,146,80,false,378246501429817344
Twitter for Android,If Syria was forced to use Obamacare they would self-destruct without a shot being fired. Obama should sell them that idea!,09-06-2013 22:49:12,982,449,false,376114891381542912
Twitter Web Client,.@GOP must stay focused on defunding ObamaCare and the impending budget battle. Don‚Äôt let Syria rule the agenda.,09-04-2013 19:05:29,102,72,false,375333815897448450
Twitter Web Client,Elections have consequences. Obama just published ‚Äúfinal regulations for ObamaCare‚Äôs individual mandate‚Äù http://t.co/zMBx554xdt Enjoy!,09-03-2013 19:55:20,70,28,false,374983974289801216
Twitter for Android,"@TarekR: @realDonaldTrump If you ever become president of the US what would be your first step?"  Get rid of Obamacare!,09-03-2013 00:11:19,97,101,false,374686006509068288
Twitter Web Client,Congress must defund ObamaCare.  It is destroying Medicare and breaking promises to our Seniors including veterans.,08-21-2013 17:27:41,198,104,false,370235771292110848
Twitter Web Client,ObamaCare is an absolute disaster which will destroy 16% of the economy and ultimately more!,08-20-2013 20:41:52,382,188,false,369922250989789184
Twitter for Android,"@IND_Colts_Fan: @realDonaldTrump if President what would be your 1st order of business?"Terminate Obamacare!,08-15-2013 13:23:22,75,96,false,367999960488624128
Twitter for Android,Republicans have very strong hand in their fight against Obamacare-lets see if they are willing and able to play it "tuff"!,08-14-2013 10:27:53,80,67,false,367593413270843393
Twitter Web Client,Obama has exempted businesses his staff and all of Congress from ObamaCare.  Why is he still forcing the monstrosity on the U.S.?,08-13-2013 19:52:49,676,221,false,367373192186191873
Twitter Web Client,.@SenMikeLee refuted every point Karl 1.6% Rove made on the need to defund ObamaCare.Must listen http://t.co/b7v6WVy5Kh @TheRightScoop,08-13-2013 18:59:50,45,23,false,367359861723365376
Twitter Web Client,If the gov't shuts down it is because Obama wants to make working Americans buy ObamaCare while businesses and gov't are exempt.,08-09-2013 19:42:38,253,90,false,365921078238916608
Twitter Web Client,Do as I say not as I do. Obama just granted a special ObamaCare exemption for all Congress http://t.co/iy34KnpowZ All are hypocrites!,08-02-2013 17:10:19,1230,288,false,363346034602160128
Twitter Web Client,Great piece by @EWErickson @RedState exposing how Karl 1.6% Rove cooked a poll in support of ObamaCare http://t.co/OqKrzfjUhI,07-31-2013 19:42:09,50,35,false,362659468233801731
Twitter Web Client,Our GDP has been growing less than 2% for the last 5 years.  ObamaCare will slow us down even more.  Has to be repealed.,07-19-2013 19:59:30,162,78,false,358315180217741312
Twitter Web Client,In @oreillyfactor‚Äôs No Spin Zone re: ObamaCare causing unemployment negotiating with China &amp; my $5M court win http://t.co/2ZWlIKVGia,07-19-2013 16:54:03,17,14,false,358268507642798081
Twitter Web Client,Must watch ‚Äì owner of a single restaurant anticipates that ObamaCare will cost over $1M for compliance http://t.co/RmnNnSClpM,07-18-2013 16:14:55,68,22,false,357896273971511296
Twitter Web Client,.@GOP congress needs to actually defund ObamaCare not waste time passing non-binding resolutions.,07-18-2013 15:47:32,211,36,false,357889383443070978
Twitter Web Client,ObamaCare will cost 3 times as much as Obama promised ‚Äì $2.6T http://t.co/ALM2gjreCQ It is not sustainable. (h/t @gatewaypundit),07-15-2013 19:33:58,268,60,false,356859201076727809
Twitter Web Client,Why should ObamaCare be delayed for businesses and not working families?  With premiums rising at record levels it is not equitable.,07-10-2013 19:45:30,133,54,false,355050166883069953
Twitter Web Client,Just as I predicted ObamaCare is a complete disaster which is failing on its own. May never be fully implemented.,07-10-2013 19:27:19,323,191,false,355045587277721602
Twitter Web Client,‚ÄéIn anticipation of ObamaCare part-time jobs are surging &amp; full-time jobs are falling and becoming scarce http://t.co/Jt9wZhK5aa,07-08-2013 16:09:06,182,46,false,354270928504504321
Twitter Web Client,ObamaCare could "eat up your raise" http://t.co/V5ExFfIXHk Why isn't Congress defunding it? They're obsessed with amnesty.,06-27-2013 15:39:31,87,31,false,350277219244978178
Twitter Web Client,Our debt is about to top $17T. ObamaCare and China (&amp; others) are killing American business.,06-24-2013 19:31:34,339,134,false,349248454045859841
Twitter Web Client,We know who did the hoax of James Gandolfini and ObamaCare. Be careful Mister.,06-20-2013 17:16:59,477,331,false,347765030500069376
Twitter Web Client,Why isn‚Äôt the @GOP congress doing everything possible to defund and cut ObamaCare?,06-12-2013 20:33:55,115,68,false,344915490268913666
Twitter Web Client,House GOP better get its act together.Defund ObamaCare. Out negotiate on debt ceiling. Form commissions on Benghazi &amp; IRS. No excuses!,05-29-2013 20:01:00,179,66,false,339833776752435200
Twitter Web Client,The new amnesty bill is over 1000 pages.  It is another monstrosity a la ObamaCare.,05-29-2013 18:28:02,145,92,false,339810379817439232
Twitter Web Client,We may get out of ObamaCare because the train wreck is impossible to implement http://t.co/7l2utHI3JC  It is a disaster.,05-20-2013 19:24:06,228,112,false,336563000314052609
Twitter Web Client,ObamaCare is already done. HHS Sec. Sebelius is trying to force private companies to finance implementation http://t.co/dXOW15igEZ,05-16-2013 18:08:38,109,35,false,335094454765641729
Twitter Web Client,My @gretawire int. discussing business difficulties with ObamaCare &amp; how it is stopping businesses from hiring http://t.co/2XtuxKvBrC,05-07-2013 20:43:37,35,15,false,331871965407232000
Twitter Web Client,My @foxandfriends int. on Benghazi cover up the ObamaCare mess &amp; firing @TheRealMarilu  on @ApprenticeNBC  http://t.co/EkafnPnUrS,05-07-2013 20:23:19,25,19,false,331866856455557120
Twitter Web Client,Now @RonWyden is also ‚Äúconcerned‚Äù about ObamaCare along with @MaxBaucus http://t.co/WHnh8sSZtz Program may fold through its own doing.,05-06-2013 20:25:28,33,21,false,331505009961361410
Twitter Web Client,ObamaCare is a disaster. Americans will see record increases in their premiums and inferior care services.,05-01-2013 20:53:16,460,189,false,329700067479019521
Twitter Web Client,Does Bush‚Äôs library have a wing featuring Supreme Court Justice Jon Robert‚Äôs ObamaCare ruling? Roberts was his prize appointee!,04-26-2013 18:08:30,59,40,false,327846664712880129
Twitter Web Client,Do as I say not as I do.The politicians who passed ObamaCare are now exempting themselves from the monstrosity http://t.co/yr0vShKnqZ,04-25-2013 20:48:42,363,109,false,327524591176126465
Twitter Web Client,House Republicans should be doing everything possible to defund ObamaCare.  Instead Leadership is funding it http://t.co/VnKsRQoCGc,04-25-2013 20:48:02,96,30,false,327524423408181250
Twitter Web Client,Sen. @MaxBaucus has announced his retirement. A major proponent of ObamaCare Baucus now says it‚Äôs a ‚Äòhuge train wreck.‚Äô,04-24-2013 16:58:07,180,51,false,327104175479586817
Twitter Web Client,The Boston killer applying today for ObamaCare. He demands that medical bills be taken care of immediately. Does this include dental?,04-24-2013 16:45:06,588,199,false,327100901271691264
Twitter Web Client,The reality is that no gun bill will ever stop tragedies.  And as we have learned from ObamaCare Washington only makes things worse!,04-18-2013 16:38:28,854,398,false,324924905453936641
Twitter Web Client,My @foxandfriends interview re: @IvankaTrump's pregnancy my grandchildren Obama's 18% tax rate &amp; Obamacare http://t.co/1OcOwVfgmn,04-15-2013 17:56:37,13,14,false,323857408722075648
Facebook,I talk about Obamacare in today's #TrumpVlog- http://t.co/u5T96FzmnF,04-12-2013 21:02:52,41,20,false,322817113859436544
Twitter Web Client,"Millions Could Get Surprise Tax Bills Under ‚ÄòObamacare‚Äô If They Don‚Äôt Accurately Project Their Income" http://t.co/4bXfmA4jxy \,04-03-2013 17:39:38,68,15,false,319504477080154113
Twitter Web Client,Make no mistake Obamacare is the first step towards changing our health system into single payer. Just a disaster.,03-21-2013 18:48:51,275,112,false,314810856997261313
Twitter Web Client,"Americans may no longer have access to their family doctors because of Obamacare." http://t.co/Bx39Mecqff via @Newsmax_Media,03-19-2013 17:31:02,130,25,false,314066496731099136
Twitter Web Client,I endorsed a book on ObamaCare &amp; it just went to #2 on the New York Times bestseller list!,02-12-2013 16:55:12,57,63,false,301373903148838913
Twitter Web Client,Just as I predicted immigration reform will increase the cost of ObamaCare over $300B http://t.co/CmDQ20a2 More money borrowed from China.,02-06-2013 19:45:20,449,198,false,299242390244438016
Twitter Web Client,House of Representatives shouldn't give anything to Obama unless he terminates Obamacare.,11-07-2012 04:54:22,5648,2268,false,266040877552656385
Twitter Web Client,Save Medicare.  Vote for @MittRomney.  He will repeal Obamacare on day one.,11-06-2012 19:46:54,570,205,false,265903101712678912
Twitter Web Client,Remember when you vote Obamacare is a disaster!,11-04-2012 18:53:26,1296,684,false,265164869882494979
Twitter Web Client,ObamaCare is a complete disaster. Many of my friends have to scale down their businesses because they can't afford it. Terrible.,10-12-2012 13:46:11,458,96,false,256752629068226560
Twitter Web Client,There's only one candidate who cut medicare and that's Barack Obama. Cut over $700M to move into ObamaCare.,10-03-2012 20:51:46,364,55,false,253598240602214400
Twitter Web Client,A great article about how ObamaCare has even further complicated the tax code and will hurt housing market http://t.co/2Tgk3VIj,10-03-2012 13:13:20,179,34,false,253482871292039169
Twitter Web Client,ObamaCare is a failure. Costs are rising much faster under Obama than other Presidents.,09-27-2012 19:43:20,291,47,false,251406692045185024
Twitter Web Client,Rising premium costs from Obamacare will cost businesses billions http://t.co/zhDLI5zH  Guess where these new costs get passed to ‚Äì you.,09-21-2012 18:42:25,231,39,false,249217031440830464
Twitter Web Client,It's Thursday. I wonder how much money @BarackObama drained from Medicare today to finance ObamaCare.,08-23-2012 17:32:14,304,49,false,238690124551049216
Twitter Web Client,Great new ad from @MittRomney titled "Nothing's Free" http://t.co/FliU8TJb detailing both the high costs and taxes of ObamaCare.,08-23-2012 16:47:43,112,19,false,238678920281616384
Twitter Web Client,If @BarackObama really loved this country he wouldn't be destroying it. He has ruined our credit and killed jobs with ObamaCare.,08-17-2012 19:24:20,433,71,false,236544004798423040
Twitter Web Client,.@PapaJohns CEO John Schnatte has told shareholders that ObamaCare will force him to raise pizza prices http://t.co/3yqQkzfs REPEAL!,08-09-2012 20:55:05,233,40,false,233667740135718912
Twitter Web Client,Waste. With 22 new taxes &amp; $1.8T in added debt @BarackObama's disgraceful 'ObamaCare' will still leave 30M uninsured http://t.co/B0tpm6It,08-09-2012 19:51:48,175,21,false,233651813679779840
Twitter Web Client,Job openings are at a 4 year high but businesses aren't hiring http://t.co/hdeJacWE  Why? ObamaCare US debt &amp; @BarackObama's tax plan.,08-09-2012 13:09:24,118,14,false,233550549017051136
Twitter Web Client,Not only does ObamaCare have at least 21 new taxes but it will lead to a tremendous doctor shortfall.,07-31-2012 12:55:42,289,26,false,230285609250484224
Twitter Web Client,Watch @BarackObama admit Obamacare is a TAX http://t.co/6JlII3R8 The GOP must continue to Disrupt Dismantle &amp; Repeal!,07-18-2012 13:41:27,110,19,false,225586078868967425
Twitter Web Client,According to a @gallupnews poll over 60% think ObamaCare will make things worse for taxpayers http://t.co/J375jNf1 ObamaCare is a T-A-X.,07-18-2012 13:27:52,126,10,false,225582661236817922
Twitter Web Client,Remember how @ObamaCare did not have any tort reform? Now the trial lawyers are getting ready for even more lawsuits http://t.co/f2aVsybQ,07-17-2012 17:29:09,73,9,false,225280994717077504
Twitter Web Client,The U-6 Unemployment Rate is over 14.9%. ObamaCare is stopping businesses from both hiring and expanding.,07-10-2012 18:29:37,161,16,false,222759498509582337
Twitter Web Client,Via @AP's: ObamaCare "is a tax" http://t.co/vZmg1g5v @BarackObama gave the largest tax increase in history on the middle class. Shameful!,07-03-2012 17:59:46,121,14,false,220215269799370752
Twitter Web Client,The 'brunt' of ObamaCare will be shouldered by folks making under $120K  http://t.co/OJTV1miD,07-03-2012 14:27:26,179,16,false,220161834282524672
Twitter Web Client,Dangerous--The USC ObamaCare ruling means the government can now tax you for inactivity.,07-02-2012 20:37:14,151,16,false,219892511966117888
Twitter Web Client,My @foxandfriends interview discussing ObamaCare the Romney-Trump fundraiser &amp; my plans for Jones Beach http://t.co/uFZHeEhM,07-02-2012 20:23:37,24,12,false,219889084989046785
Twitter Web Client,ObamaCare has 21 tax hikes http://t.co/05sjPOxx  There's now only one solution--defeat @BarackObama this November! #GOMITT,06-29-2012 19:17:11,276,31,false,218785202229624832
Twitter Web Client,Great news--here comes the Tea Party! @MittRomney has received 42k donations online &amp; raised over $4.2 million since the ObamaCare decision.,06-29-2012 18:28:57,281,39,false,218773064882728960
Twitter Web Client,It seems that Justice Scalia originally wrote the majority on ObamaCare and Roberts then switched his position. http://t.co/09769AIk,06-29-2012 17:33:16,74,10,false,218759048596684801
TwitLonger Beta,Justice Roberts did the Republican Party and @MittRomney a great favor. He essentially said ObamaCare is a tax (cont) http://t.co/1SwLH6c5,06-29-2012 17:00:39,87,10,false,218750842638057473
Twitter Web Client,Obamacare will bankrupt our country and lead to socialized medicine. We must all focus now on electing @MittRomney this November.,06-28-2012 19:41:50,1542,224,false,218429017546698752
Twitter Web Client,A list from @Heritage: "Top 10 Most Expensive Obamacare Taxes and Fees" http://t.co/7xUAxXOq,06-28-2012 19:02:38,187,41,false,218419153114116098
Twitter Web Client,#FullRepeal: Stopping Obamacare is now up to the American people. We must elect @MittRomney this November.,06-28-2012 17:50:46,736,97,false,218401065035501568
Twitter Web Client,Wow the Supreme Court passed @ObamaCare. I guess @JusticeRoberts wanted to be a part of Georgetown society more than anyone knew.,06-28-2012 16:23:27,348,38,false,218379090493849601
Twitter Web Client,Outrageous- @BarackObama has spent over $2.7B on implementing @ObamaCare since the oral arguments at SCOTUS  http://t.co/RPwiLB86,06-25-2012 19:41:59,106,11,false,217341893133086721
Twitter Web Client,Another broken promise by @BarackObama: @ObamaCare actually increases income inequality http://t.co/hULkXMqC It must be fully repealed!,06-25-2012 18:28:48,101,24,false,217323474417491968
Twitter Web Client,The USC should be ruling any day now on @ObamaCare. Hopefully we will get the right result.,06-20-2012 20:14:30,37,13,false,215538133335416834
Twitter Web Client,The @MittRomney healthcare plan post ObamaCare relies on consumer choices with more options http://t.co/b3IvAjvi The perfect remedy!,06-13-2012 19:26:28,42,4,false,212989330120122368
TwitLonger Beta,.@MittRomney is 100% right. The US Supreme Court should do "the right thing" &amp; overturn ObamaCare or the country (cont) http://t.co/LEMCBr00,06-12-2012 18:54:24,91,9,false,212618873114075136
TwitLonger Beta,It was @BarackObama who promised "if you like your plan you can keep your plan." Now ObamaCare is causing (cont) http://t.co/IhR83UxW,06-05-2012 20:35:56,78,24,false,210107711684214785
Twitter Web Client,ObamaCare's tax credit is underperforming by over 95% creating an even bigger cost to the debt http://t.co/BYFRxtzJ It must be repealed!,05-23-2012 20:31:38,109,10,false,205395585434533888
Twitter Web Client,Worired that the USC will strike down ObamaCare @BarackObama is trying to implement his debacle in public schools http://t.co/A5fGcL6m,05-15-2012 13:07:53,59,13,false,202384807970357248
Twitter Web Client,The rolling average of jobless claims is the highest in 5 months http://t.co/5RjNvrxO ObamaCare continues to slow growth and cost jobs.,05-03-2012 16:09:59,89,10,false,198081981966319617
Twitter Web Client,I wonder why @BarackObama is now spending $8B to postpone Obamacare's Medicare Cuts until after the election? http://t.co/jCpBE1CR,04-26-2012 17:35:50,219,15,false,195566874413641728
Twitter Web Client,Majority of Independents want Obamacare overturned http://t.co/VDMWOsuw  The best way to do it is by voting out @BarackObama,04-24-2012 17:54:26,101,9,false,194846776744873986
Twitter Web Client,By @BarackObama's design the middle class will be hit with record taxes under ObamaCare through inflation  http://t.co/cZc9SRS6 REPEAL!,04-18-2012 18:52:55,107,12,false,192687167921848323
Twitter Web Client,U.S. jobless claims are at a 2 month high.http://bloom.bg/HuedL7 @BarackObama's gas policy and ObamaCare are directly killing jobs.,04-13-2012 17:46:21,92,5,false,190858475709014016
TwitLonger Beta,He @BarackObama said it would be 'unprecedented' if the USC rules that ObamaCare is unconstitutional. It was (cont) http://t.co/86QkuVSl,04-03-2012 18:43:26,43,7,false,187248963735392256
TwitLonger Beta,He @BarackObama should not be trying to intimidate the USC justices on ObamaCare. He is worried because SG (cont) http://t.co/c5TEPU5B,04-03-2012 17:56:03,41,6,false,187237037718519811
Twitter Web Client,@ObamaCare is a disaster. Despite the mandate there will still be 27M uninsured and premiums will rise at FASTER rate http://t.co/ciROyImT,03-30-2012 18:30:42,12,0,false,185796208441303040
Twitter Web Client,My @gretawire interview where I discuss the #ObamaCare USC argument gas prices & @IvankaTrump's new clothing line http://t.co/dVO3c3Yg,03-29-2012 15:51:00,17,6,false,185393629764923393
TwitLonger Beta,"What's incredible is that @Obamacare hasn't even kicked in yet and aleady it's doing tremendous damage." (cont) http://t.co/wTbmKDaz,03-29-2012 12:54:38,101,8,false,185349244184563712
TwitLonger Beta,Let's not get too excited about Monday's U.S. Supreme Court oral argument on #ObamaCare before the decision. No (cont) http://t.co/5cBGzYeM,03-28-2012 16:27:10,36,7,false,185040343513841664
Twitter Web Client,ObamaCare is clearly unconstitutional. Hopefully the USC rules correctly but in the end repealing ObamaCare requires a political solution.,03-26-2012 19:30:42,143,12,false,184361753856061440
Twitter Web Client,Strange--why didn't @BarackObama hold any special event to celebrate the 2 year anniversary of ObamaCare? http://t.co/BNTKmset,03-21-2012 16:42:40,79,10,false,182507527479623682
TwitLonger Beta,SHOCK! ObamaCare will cost double what @BarackObama promised -- over $1.76 http://t.co/xqHyWoBU  -- and result (cont) http://t.co/CqmIPfrP,03-14-2012 19:40:18,166,8,false,180015519074758656
Twitter Web Client,Shock! Obamacare's high risk pool spending DOUBLED government estimates http://t.co/Hjzp9noi  @BarackObama is bankrupting this country!,03-05-2012 20:28:17,121,10,false,176766102213373953
TwitLonger Beta,ObamaCare gives free insurance to illegal immigrants. Yet @BarackObama is cutting our troops healthcare.  (cont) http://t.co/SHQuYovw,02-28-2012 19:08:31,589,39,false,174571702091644928
Twitter Web Client,Gallup poll proves that @BarackObama's regulation and Obamacare are stopping small business owners from hiring http://t.co/Yhs8s8UJ  SHOCK!,02-16-2012 20:45:46,55,6,false,170247520902066176
Twitter Web Client,The Church is yet another victim to his liberal agenda: @BarackObama lied to his Catholic supporters to pass ObamaCare.,02-09-2012 19:55:03,132,19,false,167698041216839680
Twitter Web Client,My @FoxNews interview with @gretawire discussing the 2012 GOP primary and ObamaCare's attack on the Catholic Church.  http://t.co/lDiOCgzS,02-09-2012 17:43:07,16,7,false,167664839664218112
Twitter Web Client,ObamaCare is an attack on our country's identity. The latest victim is the Catholic church. It must be full repealed. @BarackObama,02-08-2012 20:09:22,150,18,false,167339258812702721
TwitLonger Beta,"What's incredible is that Obamacare hasn't even kicked in yet and already it's doing tremendous damage." (cont) http://t.co/hrRCEeDk,01-31-2012 19:03:34,83,10,false,164423594368188416
Twitter Web Client,Notice how @BarackObama failed to mention ObamaCare last night in his SOTU. Even he knows it is terrible.,01-25-2012 20:15:35,357,28,false,162267391156432896
Twitter Web Client,ObamaCare is such a national treasure that @BarackObama has waived over 1200 companies from the law  http://t.co/bDO8zbsn,01-09-2012 20:58:12,228,18,false,156479909072609280
TwitLonger Beta,"Instead of creating new jobs Obamacare is destroying jobs. And the worst part is yet to come since the truly (cont) http://t.co/BFMOkkBI,01-09-2012 16:54:40,84,9,false,156418621101457408
Twitter Web Client,"Obamacare has to be killed now before it grows into an even bigger mess as it inevitably will." #TimeToGetTough,12-21-2011 18:55:56,117,8,false,149563772179197952
Twitter Web Client,Barney Frank admited that ObamaCare does have 'death panels' yesterday. Obamacare must be fully repealed or healthcare will be destroyed.,12-19-2011 21:28:23,196,24,false,148877359167184896
TweetDeck,ObamaCare does indeed ration care. Seniors are now restricted to "comfort care" instead of brain surgery. Repeal now! http://t.co/DJ7OqXwx,11-28-2011 14:13:21,153,15,false,141157735420006400
TweetDeck,ObamaCare is one of the greatest threats our country faces.  It is unsustainable and will lead America into complete insolvency.,11-18-2011 21:18:20,285,31,false,137640805908234240
TweetDeck,Regardless of the USC's ruling ObamaCare can only be defeated politically. It must be legislatively repealed or America will go bankrupt.,11-18-2011 14:57:58,107,11,false,137545085406552064
Twitter Web Client,Fewer Americans are now insured through their employers due to higher premiums. Obamacare must be fully repealed. http://t.co/4h5LjPLE,11-14-2011 22:34:07,132,13,false,136210329184108544
TweetDeck,The economy won't fully recover until  @ObamaCare is fully repealed. It is a job killer!,11-02-2011 17:05:03,148,19,false,131778860189626369
TweetDeck,ObamaCare contains marriage penalty taxes. Why should married couples be penalized for having healthcare?,10-28-2011 16:55:19,252,16,false,129964472470212608
TweetDeck,Our worst threat to unemployment is @ObamaCare.  It will also destroy our country's basic standards.,10-27-2011 18:27:35,209,113,false,129625302140858368
TweetDeck,If ObamaCare is not repealed then we can expect stagnant growth long term unemployment and record high premiums.,10-18-2011 19:15:23,176,15,false,126375842539511808
TweetDeck,In order to save Medicare and stop record premium increases--we must repeal ObamaCare.,10-06-2011 15:44:47,148,12,false,121974188587233280
TweetDeck,ObamaCare must be completely repealed. A recent report from UBS shows that it is the number one reason employers are not hiring.,09-28-2011 17:43:55,288,24,false,119105068820725760
TweetDeck,ObamaCare is a major threat to America's entrepreneurial spirit and competitiveness. Small businesses will b‚Ä¶ (cont) http://t.co/xCf3TMcV,09-26-2011 15:59:30,132,13,false,118354013774286848
TweetDeck,ObamaCare will destroy small business--the backbone of America's economy.,09-20-2011 19:30:05,243,15,false,116232680424747008
TweetDeck,ObamaCare must be fully repealed or it will destroy America's small businesses.,08-30-2011 17:31:40,483,312,false,108592737472880640
TweetDeck,While @BarackObama continues to defend ObamaCare in the courts he is also granting companies waivers. Eve‚Ä¶ (cont) http://t.co/dEH05PD,08-22-2011 17:54:24,93,12,false,105699355494846467
TweetDeck,"The Gang of Six" - yet another unmitigated disaster. ANY DEAL NEEDS TO REPEAL OBAMACARE. T-E-A.,07-21-2011 20:38:50,98,15,false,94144322924060672
TweetDeck,The GOP doesn't waste  an opportunity to waste an opportunity. Defunding Obamacare should be central to any deal.,07-18-2011 19:48:15,108,24,false,93044431564972032
Twitter Web Client,House GOP wants to cut Medicare Obama took $500 billion from Medicare for Obamacare. Both Wrong!,07-08-2011 16:24:15,190,138,false,89369211993985024
Twitter Web Client,ObamaCare Tragedy Primed to Further Explode the Deficit  http://t.co/wRxqlxA  And @Obama transferred $500 billion from Medicare to fund it!,07-08-2011 16:22:30,73,8,false,89368771428499456